tradingDate,ric,change,percentageChange,lastPrice,totalReturn,fullPrice,netPrice
20200528,.CDCGBI,,,,170.558118,110.969357,102.705132
20200529,.CDCGBI,,,,170.574494,110.974565,102.703728
20200601,.CDCGBI,,,,170.538543,110.936995,102.647514
20200602,.CDCGBI,,,,170.178001,110.702429,102.414595
20200603,.CDCGBI,,,,169.77443,110.42896,102.155234
20200604,.CDCGBI,,,,169.587114,110.306913,102.028749
20200605,.CDCGBI,,,,169.305468,110.115185,101.844296
20200608,.CDCGBI,,,,169.257137,110.049544,101.780472
20200609,.CDCGBI,,,,169.340794,110.100565,101.820017
20200610,.CDCGBI,,,,169.375081,110.118351,101.829718
20200611,.CDCGBI,,,,169.432115,110.153592,101.853398
20200612,.CDCGBI,,,,169.649571,110.290668,101.975666
20200615,.CDCGBI,,,,169.744151,110.294157,101.99968
20200616,.CDCGBI,,,,169.52003,110.146978,101.850574
20200617,.CDCGBI,,,,169.358232,110.004499,101.739769
20200618,.CDCGBI,,,,169.350989,109.965343,101.723946
20200619,.CDCGBI,,,,169.276085,109.901677,101.66653
20200622,.CDCGBI,,,,169.162996,109.814011,101.562899
20200623,.CDCGBI,,,,168.936425,109.666544,101.412246
20200624,.CDCGBI,,,,169.06683,109.749647,101.481037
20200628,.CDCGBI,,,,169.204915,109.832646,101.520439
20200629,.CDCGBI,,,,169.245138,109.858822,101.533793
20200630,.CDCGBI,,,,169.272699,109.875159,101.539363
20200701,.CDCGBI,,,,169.383296,109.946948,101.59583
20200702,.CDCGBI,,,,169.431288,109.975027,101.613953
20200703,.CDCGBI,,,,169.458976,109.984103,101.619641
20200706,.CDCGBI,,,,169.102452,109.686362,101.36747
20200707,.CDCGBI,,,,168.782862,109.473775,101.160433
20200708,.CDCGBI,,,,168.617517,109.366433,101.047879
20200709,.CDCGBI,,,,168.295478,109.133905,100.839341
20200710,.CDCGBI,,,,168.274062,109.113925,100.814952
20200713,.CDCGBI,,,,168.130258,108.965588,100.693055
20200714,.CDCGBI,,,,168.032767,108.894021,100.62206
20200715,.CDCGBI,,,,168.006729,108.84984,100.594837
20200716,.CDCGBI,,,,168.102818,108.908847,100.642435
20200717,.CDCGBI,,,,168.16737,108.924251,100.670712
20200720,.CDCGBI,,,,168.27445,108.911724,100.702515
20200721,.CDCGBI,,,,168.575716,109.103167,100.875857
20200722,.CDCGBI,,,,168.780532,109.225335,100.990103
20200723,.CDCGBI,,,,168.900453,109.293911,101.052325
20200724,.CDCGBI,,,,169.119075,109.396992,101.175031
20200727,.CDCGBI,,,,169.210833,109.396391,101.197484
20200728,.CDCGBI,,,,169.100437,109.297584,101.118545
20200729,.CDCGBI,,,,169.105033,109.295328,101.110095
20200730,.CDCGBI,,,,169.114022,109.298227,101.104338
20200731,.CDCGBI,,,,169.029588,109.243369,101.041314
20200803,.CDCGBI,,,,169.027513,109.182082,101.006297
20200804,.CDCGBI,,,,168.96342,109.140652,100.955978
20200805,.CDCGBI,,,,169.020481,109.173132,100.979512
20200806,.CDCGBI,,,,169.055288,109.19563,100.989481
20200807,.CDCGBI,,,,169.015088,109.166919,100.953758
20200810,.CDCGBI,,,,169.104424,109.187022,100.974483
20200811,.CDCGBI,,,,169.16811,109.224599,101.002064
20200812,.CDCGBI,,,,169.246214,109.275093,101.038441
20200813,.CDCGBI,,,,169.269651,109.290244,101.041486
20200814,.CDCGBI,,,,169.305994,109.280966,101.052402
20200817,.CDCGBI,,,,169.35623,109.296347,101.049304
20200818,.CDCGBI,,,,169.303748,109.258682,101.006061
20200819,.CDCGBI,,,,169.190318,109.165389,100.925663
20200820,.CDCGBI,,,,169.112716,109.115216,100.867107
20200821,.CDCGBI,,,,169.065906,109.059511,100.827326
20200824,.CDCGBI,,,,169.089482,108.978406,100.807981
20200825,.CDCGBI,,,,168.943272,108.880113,100.707584
20200826,.CDCGBI,,,,168.924968,108.858154,100.68518
20200827,.CDCGBI,,,,168.81462,108.767907,100.60665
20200828,.CDCGBI,,,,168.788794,108.745781,100.579661
20200831,.CDCGBI,,,,168.802945,108.730526,100.554584
20200901,.CDCGBI,,,,168.790284,108.719163,100.535712
20200902,.CDCGBI,,,,168.740048,108.681861,100.494039
20200903,.CDCGBI,,,,168.658956,108.623059,100.43364
20200904,.CDCGBI,,,,168.662153,108.620748,100.424391
20200907,.CDCGBI,,,,168.672468,108.585217,100.397087
20200908,.CDCGBI,,,,168.647871,108.562139,100.370969
20200909,.CDCGBI,,,,168.727924,108.612965,100.40837
20200910,.CDCGBI,,,,168.763565,108.629866,100.418813
20200911,.CDCGBI,,,,168.68659,108.569659,100.360903
20200914,.CDCGBI,,,,168.670054,108.500302,100.3173
20200915,.CDCGBI,,,,168.63857,108.476926,100.286998
20200916,.CDCGBI,,,,168.773379,108.537204,100.357646
20200917,.CDCGBI,,,,168.805432,108.551456,100.365914
20200918,.CDCGBI,,,,168.811612,108.544577,100.358476
20200921,.CDCGBI,,,,168.903984,108.536811,100.381464
20200922,.CDCGBI,,,,168.964358,108.559788,100.40692
20200923,.CDCGBI,,,,168.919945,108.524687,100.368755
20200924,.CDCGBI,,,,168.9593,108.541539,100.381449
20200925,.CDCGBI,,,,168.935353,108.514929,100.355709
20200927,.CDCGBI,,,,168.91655,108.468577,100.321898
20200928,.CDCGBI,,,,168.906205,108.461685,100.304415
20200929,.CDCGBI,,,,168.938725,108.481682,100.31296
20200930,.CDCGBI,,,,168.872465,108.438975,100.261527
20201009,.CDCGBI,,,,168.906036,108.458382,100.181065
20201010,.CDCGBI,,,,168.849994,108.422227,100.135992
20201012,.CDCGBI,,,,168.872753,108.410922,100.127359
20201013,.CDCGBI,,,,168.890609,108.405698,100.126958
20201014,.CDCGBI,,,,168.894334,108.375788,100.118014
20201015,.CDCGBI,,,,168.924595,108.36168,100.125112
20201016,.CDCGBI,,,,168.884643,108.327994,100.089764
20201019,.CDCGBI,,,,168.991136,108.33691,100.120558
20201020,.CDCGBI,,,,169.063157,108.378999,100.152903
20201021,.CDCGBI,,,,169.163938,108.425141,100.202635
20201022,.CDCGBI,,,,169.345533,108.534662,100.301226
20201023,.CDCGBI,,,,169.415973,108.575813,100.332616
20201026,.CDCGBI,,,,169.452337,108.553782,100.321022
20201027,.CDCGBI,,,,169.412597,108.492158,100.2858
20201028,.CDCGBI,,,,169.416154,108.48771,100.276757
20201029,.CDCGBI,,,,169.447212,108.498357,100.284343
20201030,.CDCGBI,,,,169.447244,108.490031,100.273169
20201102,.CDCGBI,,,,169.534982,108.462598,100.292497
20201103,.CDCGBI,,,,169.612354,108.506202,100.32793
20201104,.CDCGBI,,,,169.673625,108.538657,100.35367
20201105,.CDCGBI,,,,169.723587,108.545654,100.372596
20201106,.CDCGBI,,,,169.752913,108.55181,100.379089
20201109,.CDCGBI,,,,169.768068,108.493,100.354696
20201110,.CDCGBI,,,,169.754015,108.481413,100.335052
20201111,.CDCGBI,,,,169.728036,108.448367,100.308223
20201112,.CDCGBI,,,,169.641041,108.381512,100.244627
20201113,.CDCGBI,,,,169.418551,108.218425,100.099389
20201116,.CDCGBI,,,,169.433387,108.173764,100.074799
20201117,.CDCGBI,,,,169.425773,108.149625,100.059032
20201118,.CDCGBI,,,,169.407647,108.130645,100.03693
20201119,.CDCGBI,,,,169.339054,108.076342,99.984418
20201120,.CDCGBI,,,,169.217571,107.99037,99.900035
20201123,.CDCGBI,,,,169.352757,107.968538,99.947969
20201124,.CDCGBI,,,,169.346319,107.962622,99.93291
20201125,.CDCGBI,,,,169.433378,108.009503,99.974191
20201126,.CDCGBI,,,,169.467725,107.985739,99.983709
20201127,.CDCGBI,,,,169.469272,107.953581,99.973461
20201130,.CDCGBI,,,,169.691793,108.040171,100.074029
20201201,.CDCGBI,,,,169.79357,108.094095,100.123809
20201202,.CDCGBI,,,,169.815694,108.099031,100.125893
20201203,.CDCGBI,,,,169.815528,108.095603,100.114629
20201204,.CDCGBI,,,,169.869717,108.124382,100.135913
20201207,.CDCGBI,,,,169.901049,108.081957,100.121184
20201208,.CDCGBI,,,,169.927257,108.076147,100.125713
20201209,.CDCGBI,,,,169.907285,108.062435,100.10259
20201210,.CDCGBI,,,,169.992073,108.114425,100.142202
20201211,.CDCGBI,,,,170.012473,108.126772,100.143255
20201214,.CDCGBI,,,,170.040298,108.081484,100.126432
20201215,.CDCGBI,,,,170.11808,108.131013,100.161853
20201216,.CDCGBI,,,,170.196201,108.169824,100.197477
20201217,.CDCGBI,,,,170.20072,108.172699,100.18902
20201218,.CDCGBI,,,,170.242685,108.185979,100.20299
20201221,.CDCGBI,,,,170.398315,108.260146,100.262713
20201222,.CDCGBI,,,,170.57724,108.37409,100.358715
20201223,.CDCGBI,,,,170.683776,108.439161,100.41136
20201224,.CDCGBI,,,,170.717713,108.460771,100.420523
20201225,.CDCGBI,,,,170.797668,108.500845,100.457248
20201228,.CDCGBI,,,,170.895614,108.543948,100.482428
20201229,.CDCGBI,,,,170.940839,108.572361,100.498355
20201230,.CDCGBI,,,,171.039495,108.634124,100.546286
20201231,.CDCGBI,,,,171.087078,108.664426,100.563625
20210104,.CDCGBI,,,,171.157353,108.698978,100.560891
20210105,.CDCGBI,,,,171.187157,108.717908,100.567514
20210106,.CDCGBI,,,,171.31029,108.796115,100.629877
20210107,.CDCGBI,,,,171.463534,108.888035,100.710225
20210108,.CDCGBI,,,,171.558423,108.945906,100.755719
20210111,.CDCGBI,,,,171.622385,108.972568,100.760388
20210112,.CDCGBI,,,,171.713982,109.030746,100.803918
20210113,.CDCGBI,,,,171.826901,109.098219,100.860183
20210114,.CDCGBI,,,,171.948859,109.156439,100.921847
20210115,.CDCGBI,,,,171.922246,109.135747,100.894773
20210118,.CDCGBI,,,,171.850652,109.024767,100.818473
20210119,.CDCGBI,,,,171.802006,108.993867,100.778235
20210120,.CDCGBI,,,,171.832676,108.970732,100.785371
20210121,.CDCGBI,,,,171.885124,108.996332,100.805515
20210122,.CDCGBI,,,,171.964725,109.036075,100.841875
20210125,.CDCGBI,,,,172.06153,109.083714,100.866147
20210126,.CDCGBI,,,,171.999191,109.041401,100.81772
20210127,.CDCGBI,,,,171.980357,109.025871,100.795284
20210128,.CDCGBI,,,,171.918738,108.983231,100.747281
20210129,.CDCGBI,,,,171.800438,108.90055,100.66541
20210201,.CDCGBI,,,,171.871994,108.903644,100.674548
20210202,.CDCGBI,,,,171.9618,108.96057,100.716899
20210203,.CDCGBI,,,,171.896289,108.919044,100.666688
20210204,.CDCGBI,,,,171.821784,108.871817,100.611117
20210205,.CDCGBI,,,,171.772738,108.838004,100.570718
20210207,.CDCGBI,,,,171.809057,108.857652,100.570024
20210208,.CDCGBI,,,,171.692815,108.783966,100.489578
20210209,.CDCGBI,,,,171.731555,108.804125,100.501496
20210210,.CDCGBI,,,,171.728028,108.798208,100.488224
20210218,.CDCGBI,,,,171.671226,108.736595,100.36501
20210219,.CDCGBI,,,,171.724527,108.766799,100.385605
20210220,.CDCGBI,,,,171.736063,108.774111,100.381308
20210222,.CDCGBI,,,,171.795116,108.807505,100.394159
20210223,.CDCGBI,,,,171.859605,108.842719,100.421421
20210224,.CDCGBI,,,,171.934556,108.888316,100.454918
20210225,.CDCGBI,,,,171.963008,108.904748,100.460703
20210226,.CDCGBI,,,,171.960518,108.887045,100.448047
20210301,.CDCGBI,,,,172.091168,108.933524,100.492278
20210302,.CDCGBI,,,,172.15489,108.969764,100.519025
20210303,.CDCGBI,,,,172.149228,108.963832,100.504482
20210304,.CDCGBI,,,,172.17073,108.974369,100.506105
20210305,.CDCGBI,,,,172.214752,108.993512,100.52113
20210308,.CDCGBI,,,,172.256052,108.975927,100.512191
20210309,.CDCGBI,,,,172.308559,109.009177,100.532267
20210310,.CDCGBI,,,,172.42964,109.078646,100.593154
20210311,.CDCGBI,,,,172.494108,109.10895,100.620348
20210312,.CDCGBI,,,,172.519839,109.122528,100.624488
20210315,.CDCGBI,,,,172.5924,109.151829,100.634156
20210316,.CDCGBI,,,,172.616719,109.163353,100.637456
20210317,.CDCGBI,,,,172.632808,109.16404,100.635859
20210318,.CDCGBI,,,,172.664022,109.17892,100.643263
20210319,.CDCGBI,,,,172.706847,109.187679,100.657577
20210322,.CDCGBI,,,,172.794745,109.202598,100.67638
20210323,.CDCGBI,,,,172.861343,109.22003,100.704847
20210324,.CDCGBI,,,,172.993821,109.294934,100.772529
20210325,.CDCGBI,,,,173.025572,109.299137,100.780256
20210326,.CDCGBI,,,,173.04531,109.30438,100.780836
20210329,.CDCGBI,,,,173.10041,109.318968,100.780135
20210330,.CDCGBI,,,,173.063663,109.292557,100.747084
20210331,.CDCGBI,,,,173.108083,109.319531,100.762363
20210401,.CDCGBI,,,,173.144341,109.337277,100.772693
20210402,.CDCGBI,,,,173.190345,109.362677,100.788804
20210406,.CDCGBI,,,,173.268127,109.4018,100.790236
20210407,.CDCGBI,,,,173.285462,109.411758,100.789342
20210408,.CDCGBI,,,,173.305111,109.423388,100.789821
20210409,.CDCGBI,,,,173.339354,109.441968,100.79896
20210412,.CDCGBI,,,,173.436745,109.433909,100.823214
20210413,.CDCGBI,,,,173.536898,109.468768,100.871463
20210414,.CDCGBI,,,,173.594252,109.501329,100.894318
20210415,.CDCGBI,,,,173.676789,109.546795,100.932124
20210416,.CDCGBI,,,,173.695596,109.543413,100.932107
20210419,.CDCGBI,,,,173.762941,109.569594,100.938542
20210420,.CDCGBI,,,,173.839241,109.611731,100.972652
20210421,.CDCGBI,,,,173.900756,109.649719,100.997986
20210422,.CDCGBI,,,,173.93383,109.657054,101.006439
20210423,.CDCGBI,,,,173.930677,109.646792,100.993387
20210425,.CDCGBI,,,,173.962788,109.657578,100.990093
20210426,.CDCGBI,,,,173.933843,109.606508,100.961732
20210427,.CDCGBI,,,,173.88681,109.571811,100.922634
20210428,.CDCGBI,,,,173.843846,109.530405,100.88595
20210429,.CDCGBI,,,,173.869373,109.536682,100.889926
20210430,.CDCGBI,,,,173.912239,109.554905,100.904196
20210506,.CDCGBI,,,,174.09859,109.651243,100.947649
20210507,.CDCGBI,,,,174.197863,109.710111,100.995241
20210508,.CDCGBI,,,,174.187516,109.703591,100.977996
20210510,.CDCGBI,,,,174.198869,109.685641,100.962462
20210511,.CDCGBI,,,,174.27777,109.732126,100.998003
20210512,.CDCGBI,,,,174.349731,109.77579,101.029441
20210513,.CDCGBI,,,,174.379239,109.775346,101.035769
20210514,.CDCGBI,,,,174.395851,109.757772,101.034472
20210517,.CDCGBI,,,,174.426031,109.749213,101.018952
20210518,.CDCGBI,,,,174.441625,109.736272,101.017052
20210519,.CDCGBI,,,,174.494885,109.763352,101.037431
20210520,.CDCGBI,,,,174.609955,109.832419,101.094375
20210521,.CDCGBI,,,,174.702102,109.887777,101.13776
20210524,.CDCGBI,,,,174.804121,109.938172,101.164741
20210525,.CDCGBI,,,,174.834258,109.923295,101.171448
20210526,.CDCGBI,,,,174.879204,109.947203,101.185669
20210527,.CDCGBI,,,,174.89791,109.906865,101.185618
20210528,.CDCGBI,,,,174.892674,109.89137,101.171403
20210531,.CDCGBI,,,,174.919248,109.883179,101.153781
20210601,.CDCGBI,,,,174.935172,109.879844,101.152088
20210602,.CDCGBI,,,,174.958322,109.892033,101.154655
20210603,.CDCGBI,,,,174.990801,109.905774,101.16272
20210604,.CDCGBI,,,,174.981695,109.899468,101.146276
20210607,.CDCGBI,,,,174.93047,109.842337,101.08285
20210608,.CDCGBI,,,,174.940084,109.847801,101.077441
20210609,.CDCGBI,,,,174.944773,109.849056,101.069128
20210610,.CDCGBI,,,,174.945137,109.845331,101.058266
20210611,.CDCGBI,,,,174.942259,109.840689,101.045492
20210615,.CDCGBI,,,,174.964667,109.799216,101.014407
20210616,.CDCGBI,,,,174.934576,109.778065,100.985596
20210617,.CDCGBI,,,,174.864684,109.700335,100.933322
20210618,.CDCGBI,,,,174.847349,109.639612,100.91203
20210621,.CDCGBI,,,,174.916464,109.658189,100.919563
20210622,.CDCGBI,,,,174.927066,109.657178,100.914741
20210623,.CDCGBI,,,,174.960987,109.677774,100.923667
20210624,.CDCGBI,,,,175.029025,109.717723,100.95271
20210625,.CDCGBI,,,,175.086664,109.753203,100.975621
20210628,.CDCGBI,,,,175.20252,109.820274,101.010716
20210629,.CDCGBI,,,,175.257119,109.852216,101.031834
20210630,.CDCGBI,,,,175.308302,109.877108,101.050939
20210701,.CDCGBI,,,,175.382097,109.923361,101.08327
20210702,.CDCGBI,,,,175.434447,109.953448,101.103
20210705,.CDCGBI,,,,175.561948,109.971615,101.144828
20210706,.CDCGBI,,,,175.635716,110.015816,101.177145
20210707,.CDCGBI,,,,175.715271,110.061975,101.212867
20210708,.CDCGBI,,,,176.117914,110.3135,101.438459
20210709,.CDCGBI,,,,176.135416,110.304268,101.437715
20210712,.CDCGBI,,,,176.352776,110.410808,101.532505
20210713,.CDCGBI,,,,176.525261,110.495132,101.62285
20210714,.CDCGBI,,,,176.708063,110.604269,101.719259
20210715,.CDCGBI,,,,176.801269,110.637228,101.763015
20210716,.CDCGBI,,,,176.869878,110.679091,101.792313
20210719,.CDCGBI,,,,176.988774,110.702552,101.829125
20210720,.CDCGBI,,,,177.083665,110.730765,101.87388
20210721,.CDCGBI,,,,177.219375,110.810708,101.942637
20210722,.CDCGBI,,,,177.32902,110.869789,101.996072
20210723,.CDCGBI,,,,177.413559,110.914551,102.034748
20210726,.CDCGBI,,,,177.56567,110.932821,102.091125
20210727,.CDCGBI,,,,177.590358,110.945111,102.094618
20210728,.CDCGBI,,,,177.557396,110.902288,102.064219
20210729,.CDCGBI,,,,177.606841,110.927419,102.082273
20210730,.CDCGBI,,,,177.757415,111.001445,102.159788
20210802,.CDCGBI,,,,178.059524,111.149153,102.303661
20210803,.CDCGBI,,,,178.100843,111.16803,102.316872
20210804,.CDCGBI,,,,178.113909,111.176189,102.313552
20210805,.CDCGBI,,,,178.160553,111.19751,102.329882
20210806,.CDCGBI,,,,178.207404,111.22442,102.346333
20210809,.CDCGBI,,,,178.151695,111.164549,102.280836
20210810,.CDCGBI,,,,178.092153,111.117519,102.235024
20210811,.CDCGBI,,,,178.08592,111.108927,102.22041
20210812,.CDCGBI,,,,178.155389,111.142863,102.250106
20210813,.CDCGBI,,,,178.174179,111.154339,102.250139
20210816,.CDCGBI,,,,178.194678,111.120056,102.229245
20210817,.CDCGBI,,,,178.178237,111.091241,102.208658
20210818,.CDCGBI,,,,178.260713,111.130308,102.24597
20210819,.CDCGBI,,,,178.316945,111.148104,102.267921
20210820,.CDCGBI,,,,178.330676,111.155601,102.264996
20210823,.CDCGBI,,,,178.35581,111.087971,102.246819
20210824,.CDCGBI,,,,178.394985,111.107133,102.258789
20210825,.CDCGBI,,,,178.423778,111.122749,102.264681
20210826,.CDCGBI,,,,178.342562,111.056922,102.206177
20210827,.CDCGBI,,,,178.341141,111.035556,102.194383
20210830,.CDCGBI,,,,178.421652,111.064215,102.208637
20210831,.CDCGBI,,,,178.459868,111.087803,102.220054
20210901,.CDCGBI,,,,178.513809,111.116279,102.240614
20210902,.CDCGBI,,,,178.519793,111.111017,102.233224
20210903,.CDCGBI,,,,178.526553,111.110587,102.226285
20210906,.CDCGBI,,,,178.606021,111.121696,102.239967
20210907,.CDCGBI,,,,178.618471,111.129095,102.236345
20210908,.CDCGBI,,,,178.576077,111.089442,102.200757
20210909,.CDCGBI,,,,178.547838,111.070146,102.173417
20210910,.CDCGBI,,,,178.517894,111.030945,102.145084
20210913,.CDCGBI,,,,178.58302,111.030446,102.150408
20210914,.CDCGBI,,,,178.521557,110.990961,102.103699
20210915,.CDCGBI,,,,178.506995,110.976808,102.08433
20210916,.CDCGBI,,,,178.464994,110.921609,102.048964
20210917,.CDCGBI,,,,178.472699,110.918046,102.042576
20210918,.CDCGBI,,,,178.489805,110.917739,102.041669
20210922,.CDCGBI,,,,178.535235,110.870133,102.024634
20210923,.CDCGBI,,,,178.503644,110.844909,101.995333
20210924,.CDCGBI,,,,178.465658,110.785924,101.962304
20210926,.CDCGBI,,,,178.473821,110.749992,101.945301
20210927,.CDCGBI,,,,178.405048,110.704869,101.894316
20210928,.CDCGBI,,,,178.325299,110.653038,101.836931
20210929,.CDCGBI,,,,178.31434,110.645869,101.819659
20210930,.CDCGBI,,,,178.359717,110.674125,101.835236
20211008,.CDCGBI,,,,178.419638,110.709438,101.783021
20211009,.CDCGBI,,,,178.414203,110.703634,101.768989
20211011,.CDCGBI,,,,178.330078,110.649463,101.698392
20211012,.CDCGBI,,,,178.284501,110.600887,101.661052
20211013,.CDCGBI,,,,178.266524,110.575137,101.639738
20211014,.CDCGBI,,,,178.230827,110.524645,101.608135
20211015,.CDCGBI,,,,178.099038,110.392582,101.520738
20211018,.CDCGBI,,,,177.922721,110.223197,101.385733
20211019,.CDCGBI,,,,177.823538,110.159035,101.317264
20211020,.CDCGBI,,,,177.878876,110.189009,101.33852
20211021,.CDCGBI,,,,177.935122,110.198278,101.360304
20211022,.CDCGBI,,,,177.995578,110.223287,101.384532
20211025,.CDCGBI,,,,178.073963,110.241298,101.397417
20211026,.CDCGBI,,,,178.166928,110.292552,101.440524
20211027,.CDCGBI,,,,178.167342,110.260943,101.429886
20211028,.CDCGBI,,,,178.243305,110.294914,101.463121
20211029,.CDCGBI,,,,178.308637,110.327167,101.490184
20211101,.CDCGBI,,,,178.373518,110.32067,101.495238
20211102,.CDCGBI,,,,178.534484,110.41698,101.577523
20211103,.CDCGBI,,,,178.62211,110.465182,101.617385
20211104,.CDCGBI,,,,178.681964,110.493814,101.641181
20211105,.CDCGBI,,,,178.9436,110.63772,101.781699
20211108,.CDCGBI,,,,179.011931,110.654037,101.788748
20211109,.CDCGBI,,,,179.021798,110.62372,101.78363
20211110,.CDCGBI,,,,179.034001,110.628814,101.779863
20211111,.CDCGBI,,,,178.993326,110.586021,101.745506
20211112,.CDCGBI,,,,179.017962,110.590506,101.748931
20211115,.CDCGBI,,,,179.094686,110.596873,101.760832
20211116,.CDCGBI,,,,179.115544,110.583947,101.762069
20211117,.CDCGBI,,,,179.141186,110.599443,101.766074
20211118,.CDCGBI,,,,179.173501,110.610993,101.773938
20211119,.CDCGBI,,,,179.205785,110.603049,101.781786
20211122,.CDCGBI,,,,179.302609,110.626301,101.805311
20211123,.CDCGBI,,,,179.360072,110.641631,101.827723
20211124,.CDCGBI,,,,179.45285,110.693574,101.870567
20211125,.CDCGBI,,,,179.513903,110.722756,101.895055
20211126,.CDCGBI,,,,179.580418,110.754809,101.922707
20211129,.CDCGBI,,,,179.657086,110.727208,101.934568
20211130,.CDCGBI,,,,179.67751,110.733668,101.935554
20211201,.CDCGBI,,,,179.688797,110.729267,101.931264
20211202,.CDCGBI,,,,179.709417,110.733098,101.932349
20211203,.CDCGBI,,,,179.735081,110.746017,101.936337
20211206,.CDCGBI,,,,180.047354,110.905146,102.083774
20211207,.CDCGBI,,,,180.044543,110.885855,102.071368
20211208,.CDCGBI,,,,180.025004,110.854345,102.04933
20211209,.CDCGBI,,,,179.993827,110.812139,102.02059
20211210,.CDCGBI,,,,180.031478,110.833602,102.031483
20211213,.CDCGBI,,,,180.091946,110.805318,102.033938
20211214,.CDCGBI,,,,180.148632,110.839409,102.055795
20211215,.CDCGBI,,,,180.190809,110.86446,102.069295
20211216,.CDCGBI,,,,180.239778,110.880135,102.086708
20211217,.CDCGBI,,,,180.263423,110.892343,102.089536
20211220,.CDCGBI,,,,180.299084,110.888934,102.077709
20211221,.CDCGBI,,,,180.283106,110.871251,102.057719
20211222,.CDCGBI,,,,180.275696,110.866213,102.042663
20211223,.CDCGBI,,,,180.360989,110.914906,102.080998
20211224,.CDCGBI,,,,180.443467,110.96496,102.117713
20211227,.CDCGBI,,,,180.542469,111.005493,102.142371
20211228,.CDCGBI,,,,180.591861,111.035513,102.160036
20211229,.CDCGBI,,,,180.689028,111.095083,102.205221
20211230,.CDCGBI,,,,180.827591,111.179583,102.274253
20211231,.CDCGBI,,,,180.89961,111.223985,102.304953
20220104,.CDCGBI,,,,181.021576,111.290323,102.332002
20220105,.CDCGBI,,,,181.102465,111.338245,102.367701
20220106,.CDCGBI,,,,181.10995,111.342395,102.361254
20220107,.CDCGBI,,,,181.119884,111.34386,102.356212
20220110,.CDCGBI,,,,181.242727,111.408998,102.394509
20220111,.CDCGBI,,,,181.312674,111.447552,102.423924
20220112,.CDCGBI,,,,181.444565,111.528648,102.488907
20220113,.CDCGBI,,,,181.504605,111.560078,102.512633
20220114,.CDCGBI,,,,181.578453,111.575637,102.544288
20220117,.CDCGBI,,,,181.751145,111.648788,102.611205
20220118,.CDCGBI,,,,181.926118,111.728589,102.700926
20220119,.CDCGBI,,,,182.281016,111.946815,102.893961
20220120,.CDCGBI,,,,182.361087,111.958618,102.929188
20220121,.CDCGBI,0.127,0.1,182.4881,182.4881,112.0313,102.9914
20220124,.CDCGBI,0.2,0.1,182.6885,182.6885,112.1378,103.0742
20220125,.CDCGBI,0.073,0.0,182.7611,182.7611,112.1782,103.1051
20220126,.CDCGBI,-0.072,0.0,182.6888,182.6888,112.127,103.0529
20220127,.CDCGBI,-0.009,0.0,182.6795,182.6795,112.1105,103.0367
20220128,.CDCGBI,0.035,0.0,182.7143,182.7143,112.1289,103.046
20220130,.CDCGBI,0.0,0.0,182.9202,182.9202,112.2272,103.1428
20220207,.CDCGBI,0.034,0.0,182.9541,182.9541,112.2071,103.0766
20220208,.CDCGBI,-0.018,0.0,182.9364,182.9364,112.1945,103.0558
20220209,.CDCGBI,0.016,0.0,182.9528,182.9528,112.1924,103.0544
20220210,.CDCGBI,0.015,0.0,182.9679,182.9679,112.1985,103.0524
20220211,.CDCGBI,-0.443,-0.2,182.5253,182.5253,111.9266,102.7882
20220214,.CDCGBI,-0.016,0.0,182.509,182.509,111.9036,102.7468
20220215,.CDCGBI,0.015,0.0,182.5243,182.5243,111.9114,102.7448
20220216,.CDCGBI,-0.037,0.0,182.4875,182.4875,111.8889,102.7131
20220217,.CDCGBI,0.015,0.0,182.5029,182.5029,111.8968,102.7112
20220218,.CDCGBI,0.002,0.0,182.5052,182.5052,111.8909,102.7018
20220221,.CDCGBI,-0.088,0.0,182.4176,182.4176,111.8269,102.6196
20220222,.CDCGBI,-0.144,-0.1,182.2739,182.2739,111.7387,102.5266
20220223,.CDCGBI,-0.001,0.0,182.2733,182.2733,111.7376,102.5155
20220224,.CDCGBI,0.005,0.0,182.2785,182.2785,111.7392,102.5078
20220225,.CDCGBI,-0.003,0.0,182.2755,182.2755,111.7328,102.4954
20220228,.CDCGBI,0.049,0.0,182.3244,182.3244,111.7187,102.4913
20220301,.CDCGBI,-0.052,0.0,182.2726,182.2726,111.6804,102.4511
20220302,.CDCGBI,-0.068,0.0,182.2049,182.2049,111.6341,102.4018
20220303,.CDCGBI,-0.193,-0.1,182.0124,182.0124,111.5121,102.2811
20220304,.CDCGBI,-0.059,0.0,181.9537,181.9537,111.4709,102.237
20220307,.CDCGBI,-0.005,0.0,181.9489,181.9489,111.4547,102.2023
20220308,.CDCGBI,0.025,0.0,181.9737,181.9737,111.4371,102.2059
20220309,.CDCGBI,-0.089,0.0,181.8845,181.8845,111.3806,102.1443
20220310,.CDCGBI,-0.039,0.0,181.8455,181.8455,111.3454,102.1114
20220311,.CDCGBI,0.021,0.0,181.8664,181.8664,111.3484,102.1127
20220314,.CDCGBI,0.312,0.2,182.1787,182.1787,111.5166,102.2594
20220315,.CDCGBI,-0.1,-0.1,182.0792,182.0792,111.448,102.1919
20220316,.CDCGBI,-0.12,-0.1,181.9597,181.9597,111.3712,102.113
20220317,.CDCGBI,-0.04,0.0,181.9202,181.9202,111.3337,102.0798
20220318,.CDCGBI,0.122,0.1,182.042,182.042,111.4027,102.1388
20220321,.CDCGBI,0.092,0.1,182.1339,182.1339,111.4355,102.1595
20220322,.CDCGBI,-0.064,0.0,182.0695,182.0695,111.3679,102.112
20220323,.CDCGBI,0.014,0.0,182.083,182.083,111.3663,102.1092
20220324,.CDCGBI,0.019,0.0,182.1023,182.1023,111.3436,102.1096
20220325,.CDCGBI,0.051,0.0,182.1534,182.1534,111.3495,102.1282
20220328,.CDCGBI,0.124,0.1,182.2773,182.2773,111.4072,102.1672
20220329,.CDCGBI,0.007,0.0,182.2846,182.2846,111.4058,102.1608
20220330,.CDCGBI,0.099,0.1,182.3835,182.3835,111.4582,102.2068
20220331,.CDCGBI,0.071,0.0,182.4547,182.4547,111.4996,102.2368
20220401,.CDCGBI,0.089,0.0,182.5436,182.5436,111.5482,102.2769
20220402,.CDCGBI,0.0,0.0,182.6724,182.6724,111.6244,102.3398
20220406,.CDCGBI,0.146,0.1,182.8181,182.8181,111.699,102.3805
20220407,.CDCGBI,0.163,0.1,182.981,182.981,111.7979,102.4627
20220408,.CDCGBI,0.125,0.1,183.1057,183.1057,111.8617,102.5232
20220411,.CDCGBI,0.064,0.0,183.1696,183.1696,111.8639,102.528
20220412,.CDCGBI,0.014,0.0,183.1833,183.1833,111.8372,102.5252
20220413,.CDCGBI,0.07,0.0,183.2535,183.2535,111.8698,102.5546
20220414,.CDCGBI,0.123,0.1,183.3764,183.3764,111.934,102.6141
20220415,.CDCGBI,0.046,0.0,183.4224,183.4224,111.9545,102.6298
20220418,.CDCGBI,-0.054,0.0,183.3689,183.3689,111.8986,102.5675
20220419,.CDCGBI,-0.049,0.0,183.32,183.32,111.8607,102.5291
20220420,.CDCGBI,-0.015,0.0,183.3055,183.3055,111.8468,102.5103
20220421,.CDCGBI,0.037,0.0,183.3426,183.3426,111.8506,102.5208
20220422,.CDCGBI,0.041,0.0,183.3837,183.3837,111.8646,102.5337
20220425,.CDCGBI,0.085,0.0,183.469,183.469,111.9039,102.5507
20220426,.CDCGBI,0.055,0.0,183.524,183.524,111.9096,102.5714
20220427,.CDCGBI,0.038,0.0,183.5617,183.5617,111.9269,102.5824
20220428,.CDCGBI,0.003,0.0,183.565,183.565,111.9142,102.5737
20220429,.CDCGBI,0.0,0.0,183.6293,183.6293,111.9386,102.5998
20220505,.CDCGBI,0.132,0.1,183.7609,183.7609,112.0074,102.6115
20220506,.CDCGBI,0.034,0.0,183.7948,183.7948,112.0211,102.6202
20220509,.CDCGBI,0.109,0.1,183.9041,183.9041,112.0827,102.6508
20220510,.CDCGBI,0.109,0.1,184.0127,184.0127,112.1263,102.7019
20220511,.CDCGBI,0.102,0.1,184.1143,184.1143,112.1832,102.7492
20220512,.CDCGBI,0.064,0.0,184.1782,184.1782,112.22,102.775
20220513,.CDCGBI,0.119,0.1,184.2972,184.2972,112.2761,102.8321
20220516,.CDCGBI,0.066,0.0,184.3636,184.3636,112.2829,102.8383
20220517,.CDCGBI,0.079,0.0,184.4428,184.4428,112.3306,102.8727
20220518,.CDCGBI,0.086,0.0,184.529,184.529,112.3631,102.9112
20220519,.CDCGBI,0.062,0.0,184.5912,184.5912,112.3914,102.936
20220520,.CDCGBI,0.054,0.0,184.6456,184.6456,112.4217,102.9564
20220523,.CDCGBI,0.164,0.1,184.81,184.81,112.5056,103.0183
20220524,.CDCGBI,0.04,0.0,184.8495,184.8495,112.5257,103.0302
20220525,.CDCGBI,0.022,0.0,184.8714,184.8714,112.5177,103.0321
20220526,.CDCGBI,0.151,0.1,185.0225,185.0225,112.6067,103.1075
20220527,.CDCGBI,0.056,0.0,185.0789,185.0789,112.5984,103.1291
20220530,.CDCGBI,-0.009,0.0,185.0702,185.0702,112.5679,103.0926
20220531,.CDCGBI,-0.101,-0.1,184.9691,184.9691,112.4973,103.0247
20220601,.CDCGBI,-0.091,0.0,184.8779,184.8779,112.4276,102.9625
20220602,.CDCGBI,0.0,0.0,184.8162,184.8162,112.3857,102.9171
20220606,.CDCGBI,-0.069,0.0,184.7477,184.7477,112.3207,102.8364
20220607,.CDCGBI,-0.032,0.0,184.7158,184.7158,112.2984,102.8079
20220608,.CDCGBI,0.029,0.0,184.7448,184.7448,112.316,102.8138
20220609,.CDCGBI,0.07,0.0,184.8147,184.8147,112.3422,102.843
20220610,.CDCGBI,0.02,0.0,184.835,184.835,112.3511,102.844
20220613,.CDCGBI,0.042,0.0,184.877,184.877,112.357,102.8364
20220614,.CDCGBI,0.01,0.0,184.8869,184.8869,112.3605,102.8315
20220615,.CDCGBI,-0.01,0.0,184.8768,184.8768,112.3416,102.8154
20220616,.CDCGBI,-0.006,0.0,184.8705,184.8705,112.3359,102.8013
20220617,.CDCGBI,0.039,0.0,184.909,184.909,112.3291,102.8126
20220620,.CDCGBI,0.01,0.0,184.9189,184.9189,112.2822,102.7869
20220621,.CDCGBI,0.002,0.0,184.9212,184.9212,112.2741,102.7777
20220622,.CDCGBI,0.031,0.0,184.9517,184.9517,112.2866,102.7846
20220623,.CDCGBI,0.063,0.0,185.0149,185.0149,112.3239,102.8099
20220624,.CDCGBI,-0.037,0.0,184.9781,184.9781,112.2978,102.7786
20220627,.CDCGBI,-0.017,0.0,184.9614,184.9614,112.2818,102.7377
20220628,.CDCGBI,-0.065,0.0,184.8969,184.8969,112.242,102.6907
20220629,.CDCGBI,0.055,0.0,184.9517,184.9517,112.2699,102.7112
20220630,.CDCGBI,0.018,0.0,184.9694,184.9694,112.2723,102.7108
20220701,.CDCGBI,0.074,0.0,185.043,185.043,112.317,102.742
20220704,.CDCGBI,0.048,0.0,185.0911,185.0911,112.3383,102.7381
20220705,.CDCGBI,-0.02,0.0,185.0709,185.0709,112.2996,102.7163
20220706,.CDCGBI,0.014,0.0,185.0844,185.0844,112.3064,102.7136
20220707,.CDCGBI,0.021,0.0,185.1051,185.1051,112.3158,102.7149
20220708,.CDCGBI,0.033,0.0,185.1378,185.1378,112.3327,102.723
20220711,.CDCGBI,0.099,0.1,185.2366,185.2366,112.3531,102.7477
20220712,.CDCGBI,0.093,0.1,185.33,185.33,112.4046,102.79
20220713,.CDCGBI,0.085,0.0,185.4152,185.4152,112.4429,102.8278
20220714,.CDCGBI,0.102,0.1,185.5172,185.5172,112.4998,102.8751
20220715,.CDCGBI,0.09,0.0,185.6072,185.6072,112.531,102.9156
20220718,.CDCGBI,,,,185.7282,112.5784,102.9528
20220719,.CDCGBI,,,,185.7937,112.6106,102.9794
20220720,.CDCGBI,,,,185.8741,112.6309,103.0145
20220721,.CDCGBI,,,,185.9716,112.6836,103.0592
20220722,.CDCGBI,,,,186.0301,112.7112,103.0819
20220725,.CDCGBI,,,,186.1346,112.7087,103.1099
20220726,.CDCGBI,,,,186.23,112.7358,103.1534
20220727,.CDCGBI,,,,186.3002,112.7658,103.1827
20220728,.CDCGBI,,,,186.3167,112.7639,103.1817
20220729,.CDCGBI,,,,186.4446,112.8311,103.2436
20220801,.CDCGBI,,,,186.6991,112.9532,103.3559
20220802,.CDCGBI,,,,186.8582,113.0481,103.4351
20220803,.CDCGBI,,,,186.9441,113.0926,103.4732
20220804,.CDCGBI,,,,187.1017,113.1852,103.5516
20220805,.CDCGBI,,,,187.1132,113.1814,103.5477
20220808,.CDCGBI,,,,187.1446,113.1826,103.5345
20220809,.CDCGBI,,,,187.0765,113.1312,103.4858
20220810,.CDCGBI,,,,187.0808,113.1267,103.478
20220811,.CDCGBI,,,,187.0961,113.1308,103.4763
20220812,.CDCGBI,,,,187.1215,113.1362,103.4802
20220815,.CDCGBI,,,,187.4811,113.3147,103.6517
20220816,.CDCGBI,,,,187.7723,113.486,103.8054
20220817,.CDCGBI,,,,187.8308,113.5038,103.828
20220818,.CDCGBI,,,,187.9613,113.5694,103.8912
20220819,.CDCGBI,,,,188.095,113.6263,103.9562
20220822,.CDCGBI,,,,188.1691,113.6272,103.967
20220823,.CDCGBI,,,,188.1083,113.5642,103.9225
20220824,.CDCGBI,,,,188.104,113.5545,103.9097
20220825,.CDCGBI,,,,187.9775,113.4694,103.8282
20220826,.CDCGBI,,,,187.918,113.4161,103.7843
20220829,.CDCGBI,,,,187.9562,113.4083,103.775
20220830,.CDCGBI,,,,188.0337,113.4471,103.8084
20220831,.CDCGBI,,,,188.0631,113.4623,103.8146
20220901,.CDCGBI,,,,188.154,113.5023,103.8553
20220902,.CDCGBI,,,,188.1675,113.502,103.8527
20220905,.CDCGBI,,,,188.3244,113.5692,103.91
20220906,.CDCGBI,,,,188.4217,113.6151,103.9543
20220907,.CDCGBI,,,,188.4486,113.6314,103.9592
20220908,.CDCGBI,,,,188.4832,113.6407,103.9684
20220909,.CDCGBI,,,,188.4963,113.6461,103.9655
20220913,.CDCGBI,,,,188.5527,113.6276,103.9562
20220914,.CDCGBI,,,,188.5477,113.6231,103.9432
20220915,.CDCGBI,,,,188.5684,113.6259,103.9446
20220916,.CDCGBI,,,,188.571,113.6009,103.9358
20220919,.CDCGBI,,,,188.5972,113.5673,103.9198
20220920,.CDCGBI,,,,188.61,113.5682,103.9168
20220921,.CDCGBI,,,,188.6715,113.5973,103.941
20220922,.CDCGBI,,,,188.6666,113.5755,103.928
20220923,.CDCGBI,,,,188.7022,113.5884,103.9378
20220926,.CDCGBI,,,,188.6732,113.5069,103.8908
20220927,.CDCGBI,,,,188.64,113.4732,103.8619
20220928,.CDCGBI,,,,188.6208,113.456,103.8409
20220929,.CDCGBI,,,,188.5695,113.4236,103.8019
20220930,.CDCGBI,,,,188.4852,113.3701,103.7444
20221010,.CDCGBI,,,,188.6097,113.4306,103.712
20221011,.CDCGBI,,,,188.7058,113.4867,103.7555
20221012,.CDCGBI,,,,188.7464,113.4912,103.768
20221013,.CDCGBI,,,,188.7955,113.5075,103.7852
20221014,.CDCGBI,,,,188.9294,113.5577,103.8499
20221017,.CDCGBI,,,,189.0373,113.5315,103.8796
20221018,.CDCGBI,,,,189.1008,113.5665,103.9048
20221019,.CDCGBI,,,,189.1349,113.5851,103.9137
20221020,.CDCGBI,,,,189.1332,113.5797,103.9026
20221021,.CDCGBI,,,,189.1501,113.5661,103.9018
20221024,.CDCGBI,,,,189.2218,113.5747,103.9113
20221025,.CDCGBI,,,,189.2068,113.5608,103.8927
20221026,.CDCGBI,,,,189.2067,113.5541,103.8824
20221027,.CDCGBI,,,,189.2557,113.5542,103.8996
20221028,.CDCGBI,,,,189.3037,113.5726,103.9162
20221031,.CDCGBI,,,,189.4339,113.6195,103.9584
20221101,.CDCGBI,,,,189.3563,113.5368,103.9051
20221102,.CDCGBI,,,,189.2846,113.4903,103.8551
20221103,.CDCGBI,,,,189.3082,113.5012,103.8582
20221104,.CDCGBI,,,,189.2158,113.4378,103.7966
20221107,.CDCGBI,,,,189.2525,113.4208,103.7868
20221108,.CDCGBI,,,,189.1858,113.3808,103.7396
20221109,.CDCGBI,,,,189.1362,113.3147,103.7018
20221110,.CDCGBI,,,,189.0878,113.2685,103.6648
20221111,.CDCGBI,,,,188.8821,113.1287,103.5401
20221114,.CDCGBI,,,,188.1066,112.6335,103.0779
20221115,.CDCGBI,,,,187.9413,112.5223,102.9758
20221116,.CDCGBI,,,,187.6634,112.3471,102.8109
20221117,.CDCGBI,,,,187.5838,112.2971,102.7565
20221118,.CDCGBI,,,,187.5846,112.2843,102.7468
20221121,.CDCGBI,,,,187.7007,112.3026,102.7813
20221122,.CDCGBI,,,,187.696,112.2895,102.7685
20221123,.CDCGBI,,,,187.7604,112.3058,102.7943
20221124,.CDCGBI,,,,188.0046,112.4445,102.9202
20221125,.CDCGBI,,,,187.9185,112.3787,102.8622
20221128,.CDCGBI,,,,187.8402,112.299,102.7883
20221129,.CDCGBI,,,,187.4685,112.0637,102.5711
20221130,.CDCGBI,,,,187.3682,111.9977,102.5051
20221201,.CDCGBI,,,,187.3238,111.9577,102.4704
20221202,.CDCGBI,,,,187.3439,111.9637,102.4714
20221205,.CDCGBI,,,,187.3072,111.9008,102.4208
20221206,.CDCGBI,,,,187.1406,111.7973,102.3182
20221207,.CDCGBI,,,,186.9631,111.6763,102.2096
20221208,.CDCGBI,,,,186.974,111.6652,102.2056
20221209,.CDCGBI,,,,186.8955,111.5992,102.1519
20221212,.CDCGBI,,,,186.8047,111.5054,102.0712
20221213,.CDCGBI,,,,186.4569,111.2758,101.8681
20221214,.CDCGBI,,,,186.3823,111.2234,101.8166
20221215,.CDCGBI,,,,186.4072,111.2361,101.8203
20221216,.CDCGBI,,,,186.4044,111.2246,101.8087
20221219,.CDCGBI,,,,186.538,111.2914,101.8525
20221220,.CDCGBI,,,,186.5979,111.313,101.8756
20221221,.CDCGBI,,,,186.5881,111.3035,101.86
20221222,.CDCGBI,,,,186.7094,111.3721,101.9173
20221223,.CDCGBI,,,,186.8805,111.473,102.0021
20221226,.CDCGBI,,,,186.9628,111.5117,102.0174
20221227,.CDCGBI,,,,186.9979,111.5277,102.0268
20221228,.CDCGBI,,,,187.0459,111.5444,102.0433
20221229,.CDCGBI,,,,187.2368,111.6506,102.1392
20221230,.CDCGBI,,,,187.3068,111.6905,102.1679
20230103,.CDCGBI,,,,187.5476,111.8245,102.2609
20230104,.CDCGBI,,,,187.7801,111.9626,102.3794
20230105,.CDCGBI,,,,188.0227,112.1056,102.5035
20230106,.CDCGBI,,,,188.0027,112.0917,102.4824
20230109,.CDCGBI,,,,188.0588,112.1166,102.4832
20230110,.CDCGBI,,,,187.8983,112.0144,102.3844
20230111,.CDCGBI,,,,187.8427,111.9746,102.3436
20230112,.CDCGBI,,,,187.8773,111.9943,102.3527
20230113,.CDCGBI,,,,187.8304,111.9613,102.3167
20230116,.CDCGBI,,,,187.7771,111.8971,102.257
20230117,.CDCGBI,,,,187.6991,111.8276,102.2038
20230118,.CDCGBI,,,,187.6056,111.7606,102.1421
20230119,.CDCGBI,,,,187.6522,111.7842,102.1578
20230120,.CDCGBI,,,,187.5999,111.7173,102.1188
20230130,.CDCGBI,,,,187.8187,111.7246,102.1392
20230131,.CDCGBI,,,,187.8639,111.7513,102.1542
20230201,.CDCGBI,,,,187.8803,111.7469,102.1532
20230202,.CDCGBI,,,,187.8638,111.7365,102.134
20230203,.CDCGBI,,,,187.9717,111.8004,102.1835
20230206,.CDCGBI,,,,188.0535,111.8443,102.1985
20230207,.CDCGBI,,,,188.0898,111.8643,102.2085
20230208,.CDCGBI,,,,188.1476,111.8982,102.2304
20230209,.CDCGBI,,,,188.2239,111.9347,102.2624
20230210,.CDCGBI,,,,188.274,111.9616,102.28
20230213,.CDCGBI,,,,188.3751,112.008,102.3056
20230214,.CDCGBI,,,,188.4441,112.0486,102.3337
20230215,.CDCGBI,,,,188.5007,112.0809,102.3549
20230216,.CDCGBI,,,,188.5889,112.1333,102.3934
20230217,.CDCGBI,,,,188.6369,112.1473,102.4099
20230220,.CDCGBI,,,,188.6322,112.1299,102.3772
20230221,.CDCGBI,,,,188.5943,112.0999,102.3462
20230222,.CDCGBI,,,,188.6006,112.0991,102.3397
20230223,.CDCGBI,,,,188.6003,112.0764,102.3294
20230224,.CDCGBI,,,,188.6151,112.0815,102.3276
20230227,.CDCGBI,,,,188.6526,112.0671,102.3181
20230228,.CDCGBI,,,,188.6359,112.0516,102.2989
20230301,.CDCGBI,,,,188.6726,112.0618,102.309
20230302,.CDCGBI,,,,188.6794,112.0625,102.3027
20230303,.CDCGBI,,,,188.667,112.0513,102.2859
20230306,.CDCGBI,,,,188.8439,112.1447,102.3532
20230307,.CDCGBI,,,,188.8655,112.1548,102.3551
20230308,.CDCGBI,,,,188.9455,112.1848,102.3891
20230309,.CDCGBI,,,,189.011,112.2218,102.4151
20230310,.CDCGBI,,,,189.0732,112.246,102.4393
20230313,.CDCGBI,,,,189.131,112.2573,102.4411
20230314,.CDCGBI,,,,189.1718,112.2756,102.4536
20230315,.CDCGBI,,,,189.2396,112.3029,102.4809
20230316,.CDCGBI,,,,189.2909,112.3313,102.4991
20230317,.CDCGBI,,,,189.3892,112.3781,102.5432
20230320,.CDCGBI,,,,189.4838,112.4093,102.5652
20230321,.CDCGBI,,,,189.5662,112.4493,102.6005
20230322,.CDCGBI,,,,189.6307,112.4731,102.626
20230323,.CDCGBI,,,,189.6208,112.4556,102.6106
20230324,.CDCGBI,,,,189.6112,112.4181,102.5953
20230327,.CDCGBI,,,,189.697,112.4367,102.6125
20230328,.CDCGBI,,,,189.726,112.4512,102.6184
20230329,.CDCGBI,,,,189.7539,112.4602,102.6237
20230330,.CDCGBI,,,,189.7689,112.4643,102.622
20230331,.CDCGBI,,,,189.854,112.5136,102.6588
20230403,.CDCGBI,,,,189.9301,112.5341,102.6706
20230404,.CDCGBI,,,,189.9752,112.5608,102.6854
20230406,.CDCGBI,,,,190.0374,112.5911,102.6995
20230407,.CDCGBI,,,,190.0429,112.594,102.6925
20230410,.CDCGBI,,,,190.1463,112.6338,102.7193
20230411,.CDCGBI,,,,190.2489,112.6655,102.7656
20230412,.CDCGBI,,,,190.2952,112.6705,102.781
20230413,.CDCGBI,,,,190.3672,112.7043,102.8106
20230414,.CDCGBI,,,,190.4112,112.7202,102.8247
20230417,.CDCGBI,,,,190.4863,112.7499,102.836
20230418,.CDCGBI,,,,190.5816,112.8015,102.8782
20230419,.CDCGBI,,,,190.6386,112.8287,102.8996
20230420,.CDCGBI,,,,190.7195,112.8703,102.934
20230421,.CDCGBI,,,,190.788,112.8885,102.9616
20230424,.CDCGBI,,,,190.964,112.9754,103.0282
20230425,.CDCGBI,,,,190.9842,112.9872,103.0293
20230426,.CDCGBI,,,,191.0476,113.0091,103.0542
20230427,.CDCGBI,,,,191.2291,113.11,103.1439
20230428,.CDCGBI,,,,191.2685,113.1186,103.1555
20230504,.CDCGBI,,,,191.56,113.2689,103.2554
20230505,.CDCGBI,,,,191.7614,113.3854,103.3557
20230508,.CDCGBI,,,,191.8679,113.4373,103.3842
20230509,.CDCGBI,,,,191.9272,113.4724,103.4067
20230510,.CDCGBI,,,,192.0834,113.5537,103.4823
20230511,.CDCGBI,,,,192.2767,113.6581,103.5782
20230512,.CDCGBI,,,,192.2836,113.6607,103.5721
20230515,.CDCGBI,,,,192.3333,113.6361,103.5694
20230516,.CDCGBI,,,,192.3421,113.6413,103.5643
20230517,.CDCGBI,,,,192.3107,113.6221,103.5372
20230518,.CDCGBI,,,,192.2857,113.5855,103.5135
20230519,.CDCGBI,,,,192.3162,113.5935,103.5203
20230522,.CDCGBI,,,,192.3965,113.6247,103.5344
20230523,.CDCGBI,,,,192.5267,113.6971,103.5958
20230524,.CDCGBI,,,,192.58,113.7232,103.615
20230525,.CDCGBI,,,,192.605,113.7129,103.6188
20230526,.CDCGBI,,,,192.61,113.7062,103.6116
20230529,.CDCGBI,,,,192.6564,113.6725,103.6072
20230530,.CDCGBI,,,,192.6905,113.6904,103.6159
20230531,.CDCGBI,,,,192.7335,113.7061,103.6296
20230601,.CDCGBI,,,,192.8038,113.7296,103.658
20230602,.CDCGBI,,,,192.7688,113.7061,103.629
20230605,.CDCGBI,,,,192.8445,113.7341,103.6407
20230606,.CDCGBI,,,,192.8881,113.7581,103.6546
20230607,.CDCGBI,,,,192.9601,113.798,103.684
20230608,.CDCGBI,,,,193.0113,113.8276,103.7021
20230609,.CDCGBI,,,,193.0638,113.8435,103.7208
20230612,.CDCGBI,,,,193.1732,113.8832,103.7509
20230613,.CDCGBI,,,,193.3858,114.0051,103.8571
20230614,.CDCGBI,,,,193.4864,114.0613,103.9022
20230615,.CDCGBI,,,,193.4641,114.0363,103.8801
20230616,.CDCGBI,,,,193.3361,113.9483,103.8004
20230619,.CDCGBI,,,,193.2253,113.8075,103.7102
20230620,.CDCGBI,,,,193.1898,113.7815,103.6809
20230621,.CDCGBI,,,,193.2191,113.7918,103.6871
20230626,.CDCGBI,,,,193.309,113.8291,103.6867
20230627,.CDCGBI,,,,193.2731,113.8034,103.6572
20230628,.CDCGBI,,,,193.2792,113.8035,103.6507
20230629,.CDCGBI,,,,193.3467,113.8308,103.6777
20230630,.CDCGBI,,,,193.3951,113.8534,103.6942
20230703,.CDCGBI,,,,193.4953,113.904,103.7193
20230704,.CDCGBI,,,,193.543,113.932,103.7354
20230705,.CDCGBI,,,,193.5828,113.9367,103.7472
20230706,.CDCGBI,,,,193.6317,113.9624,103.764
20230707,.CDCGBI,,,,193.6945,113.9964,103.7884
20230711,.CDCGBI,,,,193.854,114.0493,103.8359
20230712,.CDCGBI,,,,193.9278,114.0882,103.8663
20230713,.CDCGBI,,,,193.9766,114.1055,103.883
20230714,.CDCGBI,,,,193.983,114.1041,103.8767
20230717,.CDCGBI,,,,194.0514,114.1009,103.8844
20230718,.CDCGBI,0.055,0.0,194.106,194.106,114.1192,103.9044
20230719,.CDCGBI,0.075,0.0,194.1812,194.1812,114.1519,103.9355
20230720,.CDCGBI,0.029,0.0,194.2103,194.2103,114.1471,103.9415
20230721,.CDCGBI,0.067,0.0,194.2773,194.2773,114.1794,103.9682
20230724,.CDCGBI,0.125,0.1,194.4024,194.4024,114.233,104.0069
20230725,.CDCGBI,-0.162,-0.1,194.2402,194.2402,114.1144,103.9087
20230726,.CDCGBI,-0.056,0.0,194.1845,194.1845,114.0588,103.8685
20230727,.CDCGBI,0.095,0.0,194.2793,194.2793,114.1024,103.9103
20230728,.CDCGBI,0.061,0.0,194.3401,194.3401,114.1265,103.9336
20230731,.CDCGBI,-0.012,0.0,194.3279,194.3279,114.0881,103.8976
20230801,.CDCGBI,0.037,0.0,194.3649,194.3649,114.0918,103.9078
20230802,.CDCGBI,0.081,0.0,194.446,194.446,114.1375,103.9421
20230803,.CDCGBI,0.097,0.0,194.5432,194.5432,114.1902,103.985
20230804,.CDCGBI,0.038,0.0,194.5813,194.5813,114.21,103.996
20230807,.CDCGBI,0.096,0.0,194.6776,194.6776,114.2554,104.0189
20230808,.CDCGBI,0.066,0.0,194.7435,194.7435,114.2831,104.0449
20230809,.CDCGBI,0.032,0.0,194.7753,194.7753,114.2825,104.0523
20230810,.CDCGBI,0.037,0.0,194.8119,194.8119,114.2982,104.0624
20230811,.CDCGBI,0.055,0.0,194.8672,194.8672,114.3246,104.0827
20230814,.CDCGBI,0.136,0.1,195.0033,195.0033,114.3741,104.1272
20230815,.CDCGBI,0.354,0.2,195.3574,195.3574,114.5773,104.3096
20230816,.CDCGBI,0.163,0.1,195.5203,195.5203,114.6692,104.3883
20230817,.CDCGBI,0.097,0.0,195.6177,195.6177,114.7076,104.4314
20230818,.CDCGBI,0.109,0.1,195.7266,195.7266,114.7637,104.4807
20230821,.CDCGBI,0.235,0.1,195.9619,195.9619,114.8703,104.5791
20230822,.CDCGBI,0.099,0.1,196.0605,196.0605,114.898,104.6229
20230823,.CDCGBI,0.05,0.0,196.1109,196.1109,114.9111,104.6404
20230824,.CDCGBI,0.036,0.0,196.1472,196.1472,114.9278,104.6504
20230825,.CDCGBI,-0.026,0.0,196.1211,196.1211,114.9036,104.6265
20230828,.CDCGBI,-0.075,0.0,196.0464,196.0464,114.8219,104.5566
20230829,.CDCGBI,-0.039,0.0,196.0078,196.0078,114.7961,104.5259
20230830,.CDCGBI,-0.046,0.0,195.9615,195.9615,114.7614,104.4909
20230831,.CDCGBI,0.025,0.0,195.9869,195.9869,114.7725,104.495
20230901,.CDCGBI,-0.032,0.0,195.9552,195.9552,114.7359,104.4681
20230904,.CDCGBI,-0.216,-0.1,195.7395,195.7395,114.5971,104.3221
20230905,.CDCGBI,-0.093,0.0,195.6467,195.6467,114.52,104.2621
20230906,.CDCGBI,-0.152,-0.1,195.4948,195.4948,114.4198,104.1702
20230907,.CDCGBI,-0.205,-0.1,195.2903,195.2903,114.3,104.0498
20230908,.CDCGBI,-0.132,-0.1,195.1584,195.1584,114.2155,103.9687
20230911,.CDCGBI,-0.127,-0.1,195.0314,195.0314,114.1114,103.8707
20230912,.CDCGBI,0.041,0.0,195.0725,195.0725,114.1179,103.8832
20230913,.CDCGBI,0.092,0.0,195.164,195.164,114.168,103.923
20230914,.CDCGBI,0.083,0.0,195.247,195.247,114.2147,103.9582
20230915,.CDCGBI,0.02,0.0,195.2672,195.2672,114.2182,103.9594
20230918,.CDCGBI,-0.046,0.0,195.2216,195.2216,114.149,103.9054
20230919,.CDCGBI,-0.031,0.0,195.1911,195.1911,114.1013,103.8792
20230920,.CDCGBI,0.007,0.0,195.1983,195.1983,114.0995,103.8733
20230921,.CDCGBI,0.011,0.0,195.2093,195.2093,114.0923,103.8696
20230922,.CDCGBI,-0.002,0.0,195.2069,195.2069,114.0728,103.8585
20230925,.CDCGBI,-0.04,0.0,195.1665,195.1665,114.0031,103.8074
20230926,.CDCGBI,-0.099,-0.1,195.0671,195.0671,113.9234,103.7438
20230927,.CDCGBI,-0.016,0.0,195.0515,195.0515,113.9012,103.7256
20230928,.CDCGBI,0.0,0.0,195.1228,195.1228,113.934,103.7545
20231009,.CDCGBI,0.123,0.1,195.2459,195.2459,113.9825,103.7145
20231010,.CDCGBI,-0.083,0.0,195.1634,195.1634,113.9336,103.6603
20231011,.CDCGBI,-0.15,-0.1,195.0139,195.0139,113.8426,103.57
20231012,.CDCGBI,-0.115,-0.1,194.8988,194.8988,113.7563,103.4983
20231013,.CDCGBI,0.061,0.0,194.9601,194.9601,113.7799,103.5217
20231016,.CDCGBI,0.045,0.0,195.0046,195.0046,113.7396,103.5166
20231017,.CDCGBI,-0.026,0.0,194.9786,194.9786,113.6819,103.493
20231018,.CDCGBI,-0.075,0.0,194.9036,194.9036,113.633,103.4428
20231019,.CDCGBI,-0.141,-0.1,194.7626,194.7626,113.549,103.3571
20231020,.CDCGBI,-0.029,0.0,194.7337,194.7337,113.5301,103.3319
20231023,.CDCGBI,0.004,0.0,194.7377,194.7377,113.4946,103.305
20231024,.CDCGBI,-0.088,0.0,194.6501,194.6501,113.4156,103.2481
20231025,.CDCGBI,-0.015,0.0,194.6348,194.6348,113.4017,103.2302
20231026,.CDCGBI,0.047,0.0,194.6814,194.6814,113.4246,103.2456
20231027,.CDCGBI,0.011,0.0,194.6927,194.6927,113.3998,103.242
20231030,.CDCGBI,0.062,0.0,194.7545,194.7545,113.3966,103.2463
20231031,.CDCGBI,0.051,0.0,194.8053,194.8053,113.4227,103.2641
20231101,.CDCGBI,0.015,0.0,194.82,194.82,113.4118,103.2623
20231102,.CDCGBI,0.09,0.0,194.9098,194.9098,113.4609,103.301
20231103,.CDCGBI,0.033,0.0,194.9427,194.9427,113.4761,103.3089
20231106,.CDCGBI,0.098,0.1,195.0411,195.0411,113.5042,103.3329
20231107,.CDCGBI,0.035,0.0,195.0756,195.0756,113.5087,103.3418
20231108,.CDCGBI,0.033,0.0,195.109,195.109,113.5257,103.3501
20231109,.CDCGBI,0.047,0.0,195.1564,195.1564,113.5211,103.366
20231110,.CDCGBI,0.062,0.0,195.2183,195.2183,113.5188,103.3896
20231113,.CDCGBI,0.097,0.0,195.3157,195.3157,113.5401,103.413
20231114,.CDCGBI,0.14,0.1,195.4559,195.4559,113.619,103.4787
20231115,.CDCGBI,0.066,0.0,195.5221,195.5221,113.6427,103.5046
20231116,.CDCGBI,0.2,0.1,195.7223,195.7223,113.7514,103.6026
20231117,.CDCGBI,0.132,0.1,195.8546,195.8546,113.8235,103.6641
20231120,.CDCGBI,0.107,0.1,195.9618,195.9618,113.8282,103.6927
20231121,.CDCGBI,0.102,0.1,196.0635,196.0635,113.8852,103.7377
20231122,.CDCGBI,-0.002,0.0,196.0611,196.0611,113.8742,103.7268
20231123,.CDCGBI,-0.098,0.0,195.9628,195.9628,113.8011,103.6643
20231124,.CDCGBI,-0.026,0.0,195.9371,195.9371,113.779,103.6409
20231127,.CDCGBI,-0.055,0.0,195.8822,195.8822,113.7165,103.5824
20231128,.CDCGBI,0.005,0.0,195.8876,195.8876,113.7109,103.5756
20231129,.CDCGBI,-0.011,0.0,195.8771,195.8771,113.6929,103.5603
20231130,.CDCGBI,0.069,0.0,195.9457,195.9457,113.723,103.5876
20231201,.CDCGBI,-0.021,0.0,195.9245,195.9245,113.6972,103.5666
20231204,.CDCGBI,0.033,0.0,195.9579,195.9579,113.6982,103.5557
20231205,.CDCGBI,-0.018,0.0,195.9403,195.9403,113.6874,103.5367
20231206,.CDCGBI,-0.057,0.0,195.8835,195.8835,113.6516,103.4967
20231207,.CDCGBI,0.027,0.0,195.9106,195.9106,113.655,103.5016
20231208,.CDCGBI,0.022,0.0,195.9329,195.9329,113.6496,103.5039
20231211,.CDCGBI,0.148,0.1,196.0811,196.0811,113.7019,103.5545
20231212,.CDCGBI,0.062,0.0,196.1429,196.1429,113.7295,103.578
20231213,.CDCGBI,0.152,0.1,196.2944,196.2944,113.7931,103.6495
20231214,.CDCGBI,0.145,0.1,196.4394,196.4394,113.8641,103.7176
20231215,.CDCGBI,0.192,0.1,196.6317,196.6317,113.9635,103.811
20231218,.CDCGBI,0.257,0.1,196.8882,196.8882,114.0937,103.9196
20231219,.CDCGBI,0.169,0.1,197.057,197.057,114.1726,104.0003
20231220,.CDCGBI,0.149,0.1,197.2057,197.2057,114.2445,104.0704
20231221,.CDCGBI,0.148,0.1,197.3539,197.3539,114.3255,104.1402
20231222,.CDCGBI,0.282,0.1,197.6355,197.6355,114.4838,104.2814
20231225,.CDCGBI,0.211,0.1,197.8468,197.8468,114.6032,104.3658
20231226,.CDCGBI,0.133,0.1,197.9796,197.9796,114.6769,104.4273
20231227,.CDCGBI,0.101,0.1,198.0807,198.0807,114.7318,104.4718
20231228,.CDCGBI,0.122,0.1,198.2026,198.2026,114.7905,104.5276
20231229,.CDCGBI,0.0,0.0,198.3245,198.3245,114.8533,104.5833
20240102,.CDCGBI,0.068,0.0,198.3924,198.3924,114.8885,104.5812
20240103,.CDCGBI,-0.043,0.0,198.3496,198.3496,114.8546,104.5488
20240104,.CDCGBI,0.046,0.0,198.3957,198.3957,114.8808,104.5639
20240105,.CDCGBI,0.134,0.1,198.5294,198.5294,114.9568,104.6257
20240108,.CDCGBI,0.136,0.1,198.6649,198.6649,115.0291,104.6694
20240109,.CDCGBI,0.266,0.1,198.9309,198.9309,115.1796,104.8019
20240110,.CDCGBI,0.066,0.0,198.997,198.997,115.212,104.8276
20240111,.CDCGBI,0.041,0.0,199.038,199.038,115.2315,104.84
20240112,.CDCGBI,0.011,0.0,199.0494,199.0494,115.2346,104.8365
20240115,.CDCGBI,0.046,0.0,199.0953,199.0953,115.2294,104.8323
20240116,.CDCGBI,0.038,0.0,199.1329,199.1329,115.2476,104.8428
20240117,.CDCGBI,0.044,0.0,199.1771,199.1771,115.25,104.8568
20240118,.CDCGBI,0.194,0.1,199.3713,199.3713,115.3415,104.951
20240119,.CDCGBI,0.113,0.1,199.4844,199.4844,115.4024,105.0019
20240122,.CDCGBI,0.297,0.1,199.7818,199.7818,115.5096,105.1321
20240123,.CDCGBI,0.111,0.1,199.8927,199.8927,115.5706,105.1817
20240124,.CDCGBI,0.088,0.0,199.9809,199.9809,115.6167,105.2192
20240125,.CDCGBI,0.094,0.0,200.0747,200.0747,115.6571,105.2598
20240126,.CDCGBI,0.052,0.0,200.1268,200.1268,115.6744,105.2781
20240129,.CDCGBI,0.123,0.1,200.2495,200.2495,115.7123,105.3148
20240130,.CDCGBI,0.341,0.2,200.5903,200.5903,115.9089,105.4874
20240131,.CDCGBI,0.505,0.3,201.095,201.095,116.1996,105.7477
20240201,.CDCGBI,0.134,0.1,201.2286,201.2286,116.2599,105.8093
20240202,.CDCGBI,-0.012,0.0,201.2169,201.2169,116.2529,105.7935
20240205,.CDCGBI,0.223,0.1,201.4403,201.4403,116.3791,105.8838
20240206,.CDCGBI,-0.095,0.0,201.3453,201.3453,116.3216,105.8236
20240207,.CDCGBI,-0.042,0.0,201.3037,201.3037,116.2941,105.7918
20240208,.CDCGBI,-0.047,0.0,201.2567,201.2567,116.267,105.7572
20240209,.CDCGBI,0.0,0.0,201.294,201.294,116.284,105.7675
20240219,.CDCGBI,0.185,0.1,201.4794,201.4794,116.3403,105.7706
20240220,.CDCGBI,0.106,0.1,201.5853,201.5853,116.4011,105.8175
20240221,.CDCGBI,0.054,0.0,201.6389,201.6389,116.4243,105.8365
20240222,.CDCGBI,0.063,0.0,201.7023,201.7023,116.453,105.8608
20240223,.CDCGBI,0.136,0.1,201.8379,201.8379,116.5066,105.9235
20240226,.CDCGBI,0.158,0.1,201.996,201.996,116.5736,105.979
20240227,.CDCGBI,0.269,0.1,202.2653,202.2653,116.7127,106.1129
20240228,.CDCGBI,0.152,0.1,202.4177,202.4177,116.7946,106.1846
20240229,.CDCGBI,0.373,0.2,202.791,202.791,117.0063,106.3739
20240301,.CDCGBI,-0.244,-0.1,202.5472,202.5472,116.8533,106.2417
20240304,.CDCGBI,0.086,0.0,202.6333,202.6333,116.8813,106.2587
20240305,.CDCGBI,-0.005,0.0,202.6283,202.6283,116.8769,106.2465
20240306,.CDCGBI,0.205,0.1,202.8336,202.8336,116.9935,106.3461
20240307,.CDCGBI,0.275,0.1,203.1086,203.1086,117.1486,106.4829
20240308,.CDCGBI,0.017,0.0,203.1253,203.1253,117.1433,106.4821
20240311,.CDCGBI,-0.09,0.0,203.0351,203.0351,117.0696,106.4055
20240312,.CDCGBI,-0.377,-0.2,202.6585,202.6585,116.8409,106.1956
20240313,.CDCGBI,-0.187,-0.1,202.4713,202.4713,116.7294,106.0865
20240314,.CDCGBI,-0.106,-0.1,202.3658,202.3658,116.6638,106.0208
20240315,.CDCGBI,0.059,0.0,202.425,202.425,116.6859,106.0427
20240318,.CDCGBI,0.149,0.1,202.5742,202.5742,116.7493,106.0934
20240319,.CDCGBI,0.153,0.1,202.7276,202.7276,116.8308,106.1654
20240320,.CDCGBI,0.022,0.0,202.7496,202.7496,116.8404,106.1675
20240321,.CDCGBI,-0.002,0.0,202.7472,202.7472,116.8215,106.1567
20240322,.CDCGBI,-0.003,0.0,202.7439,202.7439,116.8047,106.1454
20240325,.CDCGBI,-0.083,0.0,202.6611,202.6611,116.7003,106.0727
20240326,.CDCGBI,-0.032,0.0,202.6293,202.6293,116.6728,106.0462
20240327,.CDCGBI,0.045,0.0,202.6743,202.6743,116.6845,106.0606
20240328,.CDCGBI,0.104,0.1,202.7779,202.7779,116.725,106.1062
20240329,.CDCGBI,0.093,0.0,202.8711,202.8711,116.7708,106.1462
20240401,.CDCGBI,-0.053,0.0,202.8181,202.8181,116.7129,106.0896
20240402,.CDCGBI,0.112,0.1,202.9305,202.9305,116.7756,106.1398
20240403,.CDCGBI,0.0,0.0,203.0921,203.0921,116.858,106.216
20240408,.CDCGBI,0.17,0.1,203.2623,203.2623,116.9411,106.2589
20240409,.CDCGBI,0.091,0.0,203.3528,203.3528,116.9896,106.2974
20240410,.CDCGBI,0.017,0.0,203.3693,203.3693,116.9965,106.2967
20240411,.CDCGBI,0.018,0.0,203.3872,203.3872,117.0019,106.2967
20240412,.CDCGBI,0.199,0.1,203.5865,203.5865,117.0967,106.3929
20240415,.CDCGBI,0.131,0.1,203.7174,203.7174,117.1462,106.4339
20240416,.CDCGBI,0.055,0.0,203.7728,203.7728,117.1721,106.4538
20240417,.CDCGBI,0.098,0.0,203.8706,203.8706,117.2264,106.4962
20240418,.CDCGBI,0.244,0.1,204.1146,204.1146,117.3603,106.6162
20240419,.CDCGBI,0.252,0.1,204.3666,204.3666,117.4999,106.7404
20240422,.CDCGBI,0.366,0.2,204.7328,204.7328,117.676,106.9063
20240423,.CDCGBI,0.356,0.2,205.0892,205.0892,117.8805,107.0859
20240424,.CDCGBI,-0.291,-0.1,204.7986,204.7986,117.7088,106.9222
20240425,.CDCGBI,-0.273,-0.1,204.5255,204.5255,117.5496,106.7679
20240426,.CDCGBI,-0.306,-0.1,204.2193,204.2193,117.3448,106.596
20240429,.CDCGBI,-0.642,-0.3,203.5776,203.5776,116.929,106.227
20240430,.CDCGBI,0.0,0.0,203.7435,203.7435,117.019,106.3056
20240506,.CDCGBI,0.071,0.0,203.8145,203.8145,117.0477,106.2867
20240507,.CDCGBI,0.233,0.1,204.0475,204.0475,117.1784,106.4005
20240508,.CDCGBI,0.148,0.1,204.1953,204.1953,117.2621,106.4693
20240509,.CDCGBI,-0.05,0.0,204.1455,204.1455,117.2329,106.4335
20240510,.CDCGBI,-0.071,0.0,204.0742,204.0742,117.1833,106.3864
20240513,.CDCGBI,0.055,0.0,204.1296,204.1296,117.1848,106.3875
20240514,.CDCGBI,0.185,0.1,204.3149,204.3149,117.2844,106.4761
20240515,.CDCGBI,0.007,0.0,204.3222,204.3222,117.2783,106.4706
20240516,.CDCGBI,-0.092,0.0,204.2305,204.2305,117.2049,106.4127
20240517,.CDCGBI,-0.095,0.0,204.1357,204.1357,117.1498,106.3531
20240520,.CDCGBI,0.095,0.0,204.2302,204.2302,117.158,106.3749
20240521,.CDCGBI,0.039,0.0,204.2692,204.2692,117.1785,106.3861
20240522,.CDCGBI,0.025,0.0,204.2945,204.2945,117.1843,106.3901
20240523,.CDCGBI,0.129,0.1,204.4237,204.4237,117.2541,106.449
20240524,.CDCGBI,0.006,0.0,204.4295,204.4295,117.2517,106.4426
20240527,.CDCGBI,0.036,0.0,204.4658,204.4658,117.2162,106.4336
20240528,.CDCGBI,0.138,0.1,204.6036,204.6036,117.2874,106.4971
20240529,.CDCGBI,0.22,0.1,204.8234,204.8234,117.4034,106.604
20240530,.CDCGBI,0.104,0.1,204.9274,204.9274,117.4607,106.6496
20240531,.CDCGBI,-0.114,-0.1,204.8136,204.8136,117.3865,106.58
20240603,.CDCGBI,0.16,0.1,204.9733,204.9733,117.4544,106.6362
20240604,.CDCGBI,0.086,0.0,205.059,205.059,117.503,106.6721
20240605,.CDCGBI,0.14,0.1,205.1986,205.1986,117.5704,106.7364
20240606,.CDCGBI,0.133,0.1,205.3312,205.3312,117.6433,106.797
20240607,.CDCGBI,0.0,0.0,205.449,205.449,117.7087,106.8498
20240611,.CDCGBI,0.213,0.1,205.6621,205.6621,117.781,106.9249
20240612,.CDCGBI,0.047,0.0,205.7092,205.7092,117.804,106.9404
20240613,.CDCGBI,0.126,0.1,205.8356,205.8356,117.8719,106.9977
20240614,.CDCGBI,0.189,0.1,206.0249,206.0249,117.9768,107.0883
20240617,.CDCGBI,0.145,0.1,206.1703,206.1703,118.012,107.137
20240618,.CDCGBI,0.16,0.1,206.3306,206.3306,118.0815,107.2122
20240619,.CDCGBI,0.082,0.0,206.4127,206.4127,118.1212,107.2462
20240620,.CDCGBI,0.109,0.1,206.5219,206.5219,118.1764,107.2945
20240621,.CDCGBI,-0.058,0.0,206.4644,206.4644,118.1252,107.2548
20240624,.CDCGBI,0.053,0.0,206.5173,206.5173,118.1486,107.2547
20240625,.CDCGBI,0.14,0.1,206.6568,206.6568,118.2269,107.3189
20240626,.CDCGBI,0.054,0.0,206.711,206.711,118.2524,107.3382
20240627,.CDCGBI,0.108,0.1,206.8191,206.8191,118.308,107.386
20240628,.CDCGBI,0.153,0.1,206.9723,206.9723,118.3908,107.4575
20240701,.CDCGBI,-0.21,-0.1,206.7624,206.7624,118.2518,107.3191
20240702,.CDCGBI,0.064,0.0,206.8268,206.8268,118.2887,107.3438
20240703,.CDCGBI,0.17,0.1,206.9969,206.9969,118.3776,107.424
20240704,.CDCGBI,0.042,0.0,207.0388,207.0388,118.4014,107.4368
20240705,.CDCGBI,-0.153,-0.1,206.886,206.886,118.2979,107.3471
20240708,.CDCGBI,-0.169,-0.1,206.7173,206.7173,118.1949,107.2305
20240709,.CDCGBI,0.127,0.1,206.8445,206.8445,118.2663,107.2882
20240710,.CDCGBI,0.032,0.0,206.8762,206.8762,118.2819,107.2956
20240711,.CDCGBI,0.057,0.0,206.933,206.933,118.3077,107.3162
20240712,.CDCGBI,0.103,0.0,207.0362,207.0362,118.3646,107.3612
20240715,.CDCGBI,0.164,0.1,207.1999,207.1999,118.4234,107.4196
20240716,.CDCGBI,-0.02,0.0,207.1798,207.1798,118.4109,107.3997
20240717,.CDCGBI,0.012,0.0,207.1913,207.1913,118.3962,107.3965
20240718,.CDCGBI,-0.019,0.0,207.172,207.172,118.3681,107.377
20240719,.CDCGBI,0.02,0.0,207.1917,207.1917,118.37,107.3782
20240722,.CDCGBI,0.208,0.1,207.3995,207.3995,118.4495,107.4597
20240723,.CDCGBI,0.161,0.1,207.5608,207.5608,118.5385,107.5354
20240724,.CDCGBI,0.101,0.0,207.6622,207.6622,118.5924,107.5795
20240725,.CDCGBI,0.248,0.1,207.9099,207.9099,118.7188,107.7006
20240726,.CDCGBI,0.232,0.1,208.1417,208.1417,118.8281,107.8134
20240729,.CDCGBI,0.254,0.1,208.3954,208.3954,118.9438,107.9192
20240730,.CDCGBI,0.253,0.1,208.6487,208.6487,119.0668,108.0432
20240731,.CDCGBI,0.103,0.0,208.7513,208.7513,119.1238,108.088
20240801,.CDCGBI,0.202,0.1,208.9536,208.9536,119.2215,108.185
20240802,.CDCGBI,0.197,0.1,209.1503,209.1503,119.3329,108.279
20240805,.CDCGBI,0.254,0.1,209.4047,209.4047,119.4669,108.3849
20240806,.CDCGBI,-0.133,-0.1,209.2715,209.2715,119.3871,108.3057
20240807,.CDCGBI,0.135,0.1,209.4062,209.4062,119.4595,108.3672
20240808,.CDCGBI,-0.137,-0.1,209.269,209.269,119.3771,108.286
20240809,.CDCGBI,-0.267,-0.1,209.0025,209.0025,119.2065,108.1369
20240812,.CDCGBI,-0.584,-0.3,208.4188,208.4188,118.8538,107.8029
20240813,.CDCGBI,0.086,0.0,208.5047,208.5047,118.8969,107.8388
20240814,.CDCGBI,0.427,0.2,208.9314,208.9314,119.1275,108.0535
20240815,.CDCGBI,-0.106,-0.1,208.8251,208.8251,119.0622,107.9885
20240816,.CDCGBI,-0.009,0.0,208.8161,208.8161,119.0537,107.9746
20240819,.CDCGBI,0.082,0.0,208.8976,208.8976,119.0411,107.9897
20240820,.CDCGBI,0.074,0.0,208.9711,208.9711,119.0821,108.0191
20240821,.CDCGBI,-0.131,-0.1,208.84,208.84,119.0015,107.9411
20240822,.CDCGBI,0.083,0.0,208.9233,208.9233,119.027,107.9756
20240823,.CDCGBI,-0.034,0.0,208.8891,208.8891,118.9903,107.9484
20240826,.CDCGBI,-0.008,0.0,208.8811,208.8811,118.952,107.9166
20240827,.CDCGBI,-0.247,-0.1,208.634,208.634,118.7958,107.7776
20240828,.CDCGBI,0.074,0.0,208.708,208.708,118.8304,107.8073
20240829,.CDCGBI,0.011,0.0,208.7194,208.7194,118.831,107.8041
20240830,.CDCGBI,-0.007,0.0,208.7123,208.7123,118.8233,107.7911
20240902,.CDCGBI,0.283,0.1,208.9953,208.9953,118.9591,107.9119
20240903,.CDCGBI,0.08,0.0,209.0755,209.0755,119.0035,107.9447
20240904,.CDCGBI,0.16,0.1,209.235,209.235,119.0914,108.0191
20240905,.CDCGBI,0.25,0.1,209.4853,209.4853,119.2178,108.1409
20240906,.CDCGBI,0.081,0.0,209.5663,209.5663,119.251,108.1742
20240909,.CDCGBI,0.183,0.1,209.7496,209.7496,119.343,108.2427
20240910,.CDCGBI,0.156,0.1,209.9051,209.9051,119.4155,108.315
20240911,.CDCGBI,0.129,0.1,210.0342,210.0342,119.4785,108.3735
20240912,.CDCGBI,0.13,0.1,210.1642,210.1642,119.5335,108.4324
20240913,.CDCGBI,0.171,0.1,210.3351,210.3351,119.6269,108.5127
20240914,.CDCGBI,0.0,0.0,210.6611,210.6611,119.8039,108.6743
20240918,.CDCGBI,0.224,0.1,210.8852,210.8852,119.8862,108.7551
20240919,.CDCGBI,0.034,0.0,210.9195,210.9195,119.8833,108.7639
20240920,.CDCGBI,-0.058,0.0,210.8614,210.8614,119.8463,108.7243
20240923,.CDCGBI,0.076,0.0,210.9374,210.9374,119.8524,108.7367
20240924,.CDCGBI,-0.143,-0.1,210.794,210.794,119.7411,108.6525
20240925,.CDCGBI,0.067,0.0,210.8612,210.8612,119.7696,108.6786
20240926,.CDCGBI,-0.106,-0.1,210.7557,210.7557,119.6828,108.6142
20240927,.CDCGBI,-1.128,-0.5,209.6276,209.6276,119.0324,108.0143
20240930,.CDCGBI,0.0,0.0,208.6847,208.6847,118.4814,107.4932
20241008,.CDCGBI,-0.258,-0.1,208.4266,208.4266,118.3191,107.2862
20241009,.CDCGBI,-0.156,-0.1,208.2705,208.2705,118.2288,107.1958
20241010,.CDCGBI,0.579,0.3,208.8497,208.8497,118.5549,107.4888
20241011,.CDCGBI,0.485,0.2,209.3343,209.3343,118.8263,107.7325
20241014,.CDCGBI,0.197,0.1,209.531,209.531,118.8626,107.808
20241015,.CDCGBI,0.025,0.0,209.5562,209.5562,118.8554,107.8121
20241016,.CDCGBI,0.085,0.0,209.6412,209.6412,118.8989,107.8474
20241017,.CDCGBI,0.155,0.1,209.796,209.796,118.959,107.919
20241018,.CDCGBI,0.022,0.0,209.8176,209.8176,118.966,107.9213
20241021,.CDCGBI,-0.021,0.0,209.7967,209.7967,118.9249,107.8832
20241022,.CDCGBI,-0.167,-0.1,209.6302,209.6302,118.8273,107.7873
20241023,.CDCGBI,-0.267,-0.1,209.3637,209.3637,118.6734,107.6393
20241024,.CDCGBI,0.019,0.0,209.3829,209.3829,118.6631,107.6403
20241025,.CDCGBI,-0.197,-0.1,209.186,209.186,118.5409,107.5285
20241028,.CDCGBI,-0.181,-0.1,209.0047,209.0047,118.3938,107.4068
20241029,.CDCGBI,0.043,0.0,209.0475,209.0475,118.396,107.4201
20241030,.CDCGBI,0.011,0.0,209.0585,209.0585,118.4001,107.4168
20241031,.CDCGBI,0.04,0.0,209.0982,209.0982,118.4151,107.4285
20241101,.CDCGBI,0.244,0.1,209.342,209.342,118.533,107.5462
20241104,.CDCGBI,0.149,0.1,209.491,209.491,118.6054,107.5968
20241105,.CDCGBI,0.068,0.0,209.5588,209.5588,118.6425,107.6231
20241106,.CDCGBI,0.092,0.0,209.6508,209.6508,118.6916,107.6619
20241107,.CDCGBI,0.123,0.1,209.7738,209.7738,118.7564,107.7169
20241108,.CDCGBI,0.108,0.1,209.8816,209.8816,118.8156,107.764
20241111,.CDCGBI,0.09,0.0,209.9712,209.9712,118.7788,107.7837
20241112,.CDCGBI,0.112,0.1,210.0829,210.0829,118.8414,107.8328
20241113,.CDCGBI,0.058,0.0,210.1407,210.1407,118.8589,107.8539
20241114,.CDCGBI,-0.032,0.0,210.1091,210.1091,118.8329,107.8285
20241115,.CDCGBI,-0.034,0.0,210.0754,210.0754,118.8008,107.802
20241118,.CDCGBI,-0.11,-0.1,209.9654,209.9654,118.7206,107.7178
20241119,.CDCGBI,-0.064,0.0,209.9019,209.9019,118.6448,107.6759
20241120,.CDCGBI,-0.001,0.0,209.9013,209.9013,118.6395,107.6665
20241121,.CDCGBI,0.044,0.0,209.9457,209.9457,118.6629,107.6807
20241122,.CDCGBI,0.073,0.0,210.0188,210.0188,118.695,107.7097
20241125,.CDCGBI,0.329,0.2,210.3481,210.3481,118.8292,107.854
20241126,.CDCGBI,0.166,0.1,210.5144,210.5144,118.918,107.9315
20241127,.CDCGBI,0.16,0.1,210.6739,210.6739,118.9885,108.0055
20241128,.CDCGBI,0.188,0.1,210.862,210.862,119.0854,108.0944
20241129,.CDCGBI,0.281,0.1,211.143,211.143,119.2328,108.2315
20241202,.CDCGBI,0.686,0.3,211.829,211.829,119.5951,108.5603
20241203,.CDCGBI,0.011,0.0,211.8403,211.8403,119.5873,108.5572
20241204,.CDCGBI,0.324,0.2,212.1639,212.1639,119.7693,108.716
20241205,.CDCGBI,0.18,0.1,212.3434,212.3434,119.869,108.8001
20241206,.CDCGBI,0.016,0.0,212.3595,212.3595,119.8719,108.7995
20241209,.CDCGBI,0.11,0.1,212.4694,212.4694,119.8818,108.8296
20241210,.CDCGBI,0.842,0.4,213.3113,213.3113,120.3546,109.2571
20241211,.CDCGBI,0.039,0.0,213.3504,213.3504,120.3657,109.2684
20241212,.CDCGBI,0.126,0.1,213.4767,213.4767,120.4303,109.325
20241213,.CDCGBI,0.526,0.2,214.0026,214.0026,120.7076,109.5887
20241216,.CDCGBI,0.548,0.3,214.5507,214.5507,120.993,109.846
20241217,.CDCGBI,-0.185,-0.1,214.3654,214.3654,120.8856,109.7409
20241218,.CDCGBI,-0.379,-0.2,213.9869,213.9869,120.6661,109.5358
20241219,.CDCGBI,-0.297,-0.1,213.69,213.69,120.4801,109.3729
20241220,.CDCGBI,0.408,0.2,214.0975,214.0975,120.6958,109.5753
20241223,.CDCGBI,0.204,0.1,214.3013,214.3013,120.7992,109.6541
20241224,.CDCGBI,-0.194,-0.1,214.1071,214.1071,120.6893,109.5445
20241225,.CDCGBI,-0.107,0.0,214.0002,214.0002,120.6273,109.4801
20241226,.CDCGBI,-0.014,0.0,213.9863,213.9863,120.6171,109.464
20241227,.CDCGBI,0.5,0.2,214.4863,214.4863,120.8953,109.7143
20241230,.CDCGBI,-0.018,0.0,214.4688,214.4688,120.8651,109.6784
20241231,.CDCGBI,0.0,0.0,214.961,214.961,121.1431,109.9247
20250102,.CDCGBI,0.952,0.4,215.9131,215.9131,121.6774,110.3993
20250103,.CDCGBI,0.402,0.2,216.3148,216.3148,121.896,110.5981
20250106,.CDCGBI,0.037,0.0,216.3521,216.3521,121.9146,110.5908
20250107,.CDCGBI,-0.194,-0.1,216.1582,216.1582,121.8023,110.4818
20250108,.CDCGBI,-0.053,0.0,216.1054,216.1054,121.7712,110.4456
20250109,.CDCGBI,-0.367,-0.2,215.7383,215.7383,121.5624,110.2469
20250110,.CDCGBI,0.094,0.0,215.8324,215.8324,121.6116,110.2867
20250113,.CDCGBI,-0.187,-0.1,215.6452,215.6452,121.4954,110.1634
20250114,.CDCGBI,0.161,0.1,215.8066,215.8066,121.5684,110.2379
20250115,.CDCGBI,0.148,0.1,215.9546,215.9546,121.6492,110.3056
20250116,.CDCGBI,-0.112,-0.1,215.8428,215.8428,121.5841,110.239
20250117,.CDCGBI,-0.101,0.0,215.7414,215.7414,121.5033,110.1777
20250120,.CDCGBI,-0.096,0.0,215.6453,215.6453,121.39,110.1014
20250121,.CDCGBI,0.155,0.1,215.7999,215.7999,121.4628,110.1725
20250122,.CDCGBI,0.099,0.0,215.8987,215.8987,121.5115,110.2147
20250123,.CDCGBI,-0.07,0.0,215.8286,215.8286,121.4687,110.1696
20250124,.CDCGBI,-0.103,0.0,215.7256,215.7256,121.4068,110.1075
20250127,.CDCGBI,0.0,0.0,216.1535,216.1535,121.616,110.3022
20250205,.CDCGBI,0.212,0.1,216.3658,216.3658,121.6819,110.3323
20250206,.CDCGBI,0.302,0.1,216.6676,216.6676,121.8465,110.4792
20250207,.CDCGBI,0.072,0.0,216.7391,216.7391,121.8837,110.5073
20250210,.CDCGBI,-0.127,-0.1,216.6117,216.6117,121.803,110.415
20250211,.CDCGBI,0.017,0.0,216.6291,216.6291,121.8107,110.4151
20250212,.CDCGBI,-0.008,0.0,216.6207,216.6207,121.7985,110.4019
20250213,.CDCGBI,0.047,0.0,216.668,216.668,121.8189,110.4175
20250214,.CDCGBI,-0.17,-0.1,216.4977,216.4977,121.7207,110.3208
20250217,.CDCGBI,-0.385,-0.2,216.1127,216.1127,121.4878,110.0956
20250218,.CDCGBI,-0.221,-0.1,215.8922,215.8922,121.3572,109.9729
20250219,.CDCGBI,-0.011,0.0,215.8811,215.8811,121.3425,109.9584
20250220,.CDCGBI,-0.224,-0.1,215.6573,215.6573,121.2162,109.834
20250221,.CDCGBI,-0.397,-0.2,215.2608,215.2608,120.9918,109.6205
20250224,.CDCGBI,-0.678,-0.3,214.5828,214.5828,120.5854,109.244
20250225,.CDCGBI,-0.164,-0.1,214.4187,214.4187,120.4865,109.1505
20250226,.CDCGBI,-0.012,0.0,214.4063,214.4063,120.4728,109.1352
20250227,.CDCGBI,-0.284,-0.1,214.1223,214.1223,120.296,108.9798
20250228,.CDCGBI,-0.014,0.0,214.1086,214.1086,120.2779,108.9639
20250303,.CDCGBI,0.124,0.1,214.2322,214.2322,120.3137,109.0011
20250304,.CDCGBI,0.022,0.0,214.2544,214.2544,120.3193,109.0037
20250305,.CDCGBI,0.054,0.0,214.3084,214.3084,120.3482,109.0227
20250306,.CDCGBI,-0.209,-0.1,214.0993,214.0993,120.2291,108.9062
20250307,.CDCGBI,-0.638,-0.3,213.4613,213.4613,119.8665,108.5687
20250310,.CDCGBI,-0.242,-0.1,213.219,213.219,119.7118,108.4175
20250311,.CDCGBI,-0.656,-0.3,212.5633,212.5633,119.3332,108.0708
20250312,.CDCGBI,0.187,0.1,212.7499,212.7499,119.4272,108.1581
20250313,.CDCGBI,0.087,0.0,212.8371,212.8371,119.4699,108.1942
20250314,.CDCGBI,0.006,0.0,212.8431,212.8431,119.4702,108.1885
20250317,.CDCGBI,-0.574,-0.3,212.2692,212.2692,119.1132,107.8664
20250318,.CDCGBI,0.045,0.0,212.3143,212.3143,119.1321,107.8808
20250319,.CDCGBI,0.07,0.0,212.384,212.384,119.1688,107.908
20250320,.CDCGBI,0.51,0.2,212.8936,212.8936,119.4483,108.1616
20250321,.CDCGBI,0.127,0.1,213.021,213.021,119.5066,108.2185
20250324,.CDCGBI,-0.011,0.0,213.0097,213.0097,119.4538,108.1862
20250325,.CDCGBI,0.32,0.2,213.33,213.33,119.6137,108.3424
20250326,.CDCGBI,0.145,0.1,213.475,213.475,119.6818,108.4084
20250327,.CDCGBI,0.091,0.0,213.5658,213.5658,119.7163,108.4463
20250328,.CDCGBI,-0.002,0.0,213.5642,213.5642,119.6942,108.4367
20250331,.CDCGBI,0.088,0.0,213.6524,213.6524,119.7223,108.4557
20250401,.CDCGBI,0.114,0.1,213.7659,213.7659,119.779,108.5053
20250402,.CDCGBI,0.332,0.2,214.098,214.098,119.9637,108.6671
20250403,.CDCGBI,0.0,0.0,215.1448,215.1448,120.5424,109.1961
20250407,.CDCGBI,1.156,0.5,216.3012,216.3012,121.1897,109.7551
20250408,.CDCGBI,-0.389,-0.2,215.912,215.912,120.9599,109.5464
20250409,.CDCGBI,0.018,0.0,215.9301,215.9301,120.9667,109.547
20250410,.CDCGBI,-0.127,-0.1,215.8036,215.8036,120.8935,109.4733
20250411,.CDCGBI,-0.016,0.0,215.7878,215.7878,120.8797,109.4565
20250414,.CDCGBI,-0.019,0.0,215.769,215.769,120.8318,109.4207
20250415,.CDCGBI,0.041,0.0,215.8104,215.8104,120.8507,109.4332
20250416,.CDCGBI,0.106,0.0,215.9163,215.9163,120.9049,109.4789
20250417,.CDCGBI,-0.1,0.0,215.8167,215.8167,120.8454,109.419
20250418,.CDCGBI,-0.053,0.0,215.7639,215.7639,120.8117,109.3832
20250421,.CDCGBI,-0.064,0.0,215.7004,215.7004,120.7487,109.3244
20250422,.CDCGBI,0.074,0.0,215.7746,215.7746,120.7817,109.3538
20250423,.CDCGBI,-0.129,-0.1,215.6458,215.6458,120.7044,109.2789
20250424,.CDCGBI,-0.012,0.0,215.6337,215.6337,120.6909,109.2639
20250425,.CDCGBI,0.05,0.0,215.6833,215.6833,120.7169,109.2807
20250428,.CDCGBI,0.181,0.1,215.8646,215.8646,120.7552,109.3477
20250429,.CDCGBI,0.284,0.1,216.1487,216.1487,120.9042,109.4849
20250430,.CDCGBI,-216.326,-100.0,216.3255,0.0,0.0,0.0
20250506,.CDCGBI,216.499,,216.4992,216.4992,121.0839,109.6043
20250507,.CDCGBI,-0.094,0.0,216.405,216.405,121.0288,109.5474
20250508,.CDCGBI,0.202,0.1,216.607,216.607,121.138,109.6423
20250509,.CDCGBI,0.111,0.1,216.7178,216.7178,121.1953,109.6904
20250512,.CDCGBI,-0.406,-0.2,216.3116,216.3116,120.9547,109.4564
20250513,.CDCGBI,0.071,0.0,216.383,216.383,120.9776,109.4844
20250514,.CDCGBI,0.008,0.0,216.3905,216.3905,120.9756,109.4796
20250515,.CDCGBI,0.035,0.0,216.4253,216.4253,120.987,109.4888
20250516,.CDCGBI,-0.083,0.0,216.3424,216.3424,120.9208,109.4378
20250519,.CDCGBI,0.134,0.1,216.4766,216.4766,120.971,109.4806
20250520,.CDCGBI,0.078,0.0,216.5545,216.5545,121.0126,109.512
20250521,.CDCGBI,0.017,0.0,216.5712,216.5712,121.0202,109.5119
20250522,.CDCGBI,0.065,0.0,216.6358,216.6358,121.0481,109.5364
20250523,.CDCGBI,0.023,0.0,216.6586,216.6586,121.0575,109.5395
20250526,.CDCGBI,0.089,0.0,216.7472,216.7472,121.0779,109.559
